-- phpMyAdmin SQL Dump
-- version 4.7.6
-- https://www.phpmyadmin.net/
--
-- Host: localhost
-- Generation Time: Jan 14, 2018 at 12:10 PM
-- Server version: 10.1.29-MariaDB
-- PHP Version: 7.2.0

SET SQL_MODE = "NO_AUTO_VALUE_ON_ZERO";
SET AUTOCOMMIT = 0;
START TRANSACTION;
SET time_zone = "+00:00";


/*!40101 SET @OLD_CHARACTER_SET_CLIENT=@@CHARACTER_SET_CLIENT */;
/*!40101 SET @OLD_CHARACTER_SET_RESULTS=@@CHARACTER_SET_RESULTS */;
/*!40101 SET @OLD_COLLATION_CONNECTION=@@COLLATION_CONNECTION */;
/*!40101 SET NAMES utf8mb4 */;

--
-- Database: `db_dealr.new`
--

-- --------------------------------------------------------

--
-- Table structure for table `tb_aksesoris`
--

CREATE TABLE `tb_aksesoris` (
  `aksesoris_kode` varchar(20) NOT NULL,
  `aksesoris_vendor` varchar(10) NOT NULL,
  `aksesoris_kendaraan` int(11) DEFAULT NULL,
  `aksesoris_nama` varchar(100) NOT NULL,
  `aksesoris_modal` bigint(20) NOT NULL DEFAULT '0',
  `aksesoris_marketing` bigint(20) NOT NULL DEFAULT '0',
  `aksesoris_harga` bigint(20) NOT NULL DEFAULT '0',
  `aksesoris_status` char(1) NOT NULL DEFAULT '1',
  `aksesoris_hapus` char(1) NOT NULL DEFAULT '0',
  `created_at` timestamp NOT NULL DEFAULT CURRENT_TIMESTAMP,
  `updated_at` timestamp NOT NULL DEFAULT CURRENT_TIMESTAMP ON UPDATE CURRENT_TIMESTAMP
) ENGINE=InnoDB DEFAULT CHARSET=latin1;

--
-- Dumping data for table `tb_aksesoris`
--

INSERT INTO `tb_aksesoris` (`aksesoris_kode`, `aksesoris_vendor`, `aksesoris_kendaraan`, `aksesoris_nama`, `aksesoris_modal`, `aksesoris_marketing`, `aksesoris_harga`, `aksesoris_status`, `aksesoris_hapus`, `created_at`, `updated_at`) VALUES
('AYLA-BC01', 'AKS001', 1, 'Body Cover', 0, 2000, 30000, '0', '0', '2017-10-13 09:01:52', '2017-11-12 10:45:54'),
('AYLA-CB14', 'AKS001', 1, 'Cover Bumper Jaring', 0, 0, 0, '1', '0', '2017-10-13 09:01:52', '2017-11-12 05:44:34'),
('AYLA-CB26', 'AKS001', 1, 'Console Box Kecil', 0, 0, 0, '1', '0', '2017-10-13 09:01:52', '2017-11-12 05:44:34'),
('AYLA-CBB58', 'AKS001', 1, 'Console Box Besar', 0, 0, 0, '1', '0', '2017-10-13 09:01:52', '2017-11-12 05:44:34'),
('AYLA-CL11', 'AKS001', 1, 'Remote Central Lock', 0, 0, 0, '1', '0', '2017-10-13 09:01:52', '2017-11-12 05:44:34'),
('AYLA-DH02', 'AKS001', 1, 'Door Handle', 0, 0, 0, '1', '0', '2017-10-13 09:01:52', '2017-11-12 05:44:34'),
('AYLA-FL03', 'AKS001', 1, 'Fog Lamp', 0, 0, 0, '1', '0', '2017-10-13 09:01:52', '2017-11-12 05:44:34'),
('AYLA-FPU23', 'AKS001', 1, 'PU Set', 0, 0, 0, '1', '0', '2017-10-13 09:01:52', '2017-11-12 05:44:34'),
('AYLA-FS27', 'AKS001', 1, 'Foot Step', 0, 0, 0, '1', '0', '2017-10-13 09:01:52', '2017-11-12 05:44:34'),
('AYLA-GB04', 'AKS001', 1, 'Garnish Belakang', 0, 0, 0, '1', '0', '2017-10-13 09:01:52', '2017-11-12 05:44:34'),
('AYLA-GB57', 'AKS001', 1, 'Glove Box', 0, 0, 0, '1', '0', '2017-10-13 09:01:52', '2017-11-12 05:44:34'),
('AYLA-GD51', 'AKS001', 1, 'Grille Depan 3 pcs', 0, 0, 0, '1', '0', '2017-10-13 09:01:52', '2017-11-12 05:44:34'),
('AYLA-GF05', 'AKS001', 1, 'Garnish Depan', 0, 0, 0, '1', '0', '2017-10-13 09:01:52', '2017-11-12 05:44:34'),
('AYLA-GF52', 'AKS001', 1, 'Garnish Foglamp Lebar', 0, 0, 0, '1', '0', '2017-10-13 09:01:52', '2017-11-12 05:44:34'),
('AYLA-GKM55', 'AKS001', 1, 'Grille Depan Hummer', 0, 0, 0, '1', '0', '2017-10-13 09:01:52', '2017-11-12 05:44:34'),
('AYLA-GRL32', 'AKS001', 1, 'Garnish Reflektor Lampu Belakang', 0, 0, 0, '1', '0', '2017-10-13 09:01:52', '2017-11-12 05:44:34'),
('AYLA-GTB53', 'AKS001', 1, 'Garnish Tanduk Belakang', 0, 0, 0, '1', '0', '2017-10-13 09:01:52', '2017-11-12 05:44:34'),
('AYLA-HLX54', 'AKS001', 1, 'Handle Luar New Xenia', 0, 0, 0, '1', '0', '2017-10-13 09:01:52', '2017-11-12 05:44:34'),
('AYLA-HR06', 'AKS001', 1, 'Hordeng Tipis', 0, 0, 0, '1', '0', '2017-10-13 09:01:52', '2017-11-12 05:44:34'),
('AYLA-HRJ28', 'AKS001', 1, 'Hordeng JSL Kain Tebal', 0, 0, 0, '1', '0', '2017-10-13 09:01:52', '2017-11-12 05:44:34'),
('AYLA-KDT07', 'AKS001', 1, 'Karpet Dasar Tebal', 250000, 275000, 312500, '1', '0', '2017-10-13 09:01:52', '2017-11-12 05:44:34'),
('AYLA-KDTT08', 'AKS001', 1, 'Karpet Dasar Tipis', 200000, 220000, 250000, '1', '0', '2017-10-13 09:01:52', '2017-11-12 05:44:34'),
('AYLA-KLK12', 'AKS001', 1, 'Karpet Lumpur Karet', 0, 0, 0, '1', '0', '2017-10-13 09:01:52', '2017-11-12 05:44:34'),
('AYLA-KLP13', 'AKS001', 1, 'Karpet Lumpur Plastik', 0, 0, 0, '1', '0', '2017-10-13 09:01:52', '2017-11-12 05:44:34'),
('AYLA-KN25', 'AKS001', 1, 'Buntut Knalpot', 0, 0, 0, '1', '0', '2017-10-13 09:01:52', '2017-11-12 05:44:34'),
('AYLA-KOK09', 'AKS001', 1, 'Karpet Original Lantai Karet Nama', 0, 0, 0, '1', '0', '2017-10-13 09:01:52', '2017-11-12 05:44:29'),
('AYLA-KPP10', 'AKS001', 1, 'Karpet PackyPoda Lantai', 0, 0, 0, '1', '0', '2017-10-13 09:01:52', '2017-11-12 05:44:34'),
('AYLA-LKB29', 'AKS001', 1, 'List Kaca Belakang', 0, 0, 0, '1', '0', '2017-10-13 09:01:52', '2017-11-12 05:44:34'),
('AYLA-LKS30', 'AKS001', 1, 'List Kaca Samping', 0, 0, 0, '1', '0', '2017-10-13 09:01:52', '2017-11-12 05:44:34'),
('AYLA-ODH14', 'AKS001', 1, 'Outer Door Handle (1 set DH02)', 0, 0, 0, '1', '0', '2017-10-13 09:01:52', '2017-11-12 05:44:34'),
('AYLA-OR49', 'AKS001', 1, 'Ornamen BG', 0, 0, 0, '1', '0', '2017-10-13 09:01:52', '2017-11-12 05:44:34'),
('AYLA-RBU22', 'AKS001', 1, 'Riben PU', 0, 0, 0, '1', '0', '2017-10-13 09:01:52', '2017-11-12 05:44:34'),
('AYLA-RDO17', 'AKS001', 1, 'Riben Depan Only', 0, 0, 0, '1', '0', '2017-10-13 09:01:52', '2017-11-12 05:44:34'),
('AYLA-RH15', 'AKS001', 1, 'Riben Hitam', 0, 0, 0, '1', '0', '2017-10-13 09:01:52', '2017-11-12 05:44:34'),
('AYLA-RL31', 'AKS001', 1, 'Reflektor Lampu Belakang', 0, 0, 0, '1', '0', '2017-10-13 09:01:52', '2017-11-12 05:44:34'),
('AYLA-RR33', 'AKS001', 1, 'Roof Rail Universal', 0, 0, 0, '1', '0', '2017-10-13 09:01:52', '2017-11-12 05:44:34'),
('AYLA-RS16', 'AKS001', 1, 'Riben Silver', 0, 0, 0, '1', '0', '2017-10-13 09:01:52', '2017-11-12 05:44:34'),
('AYLA-RT20', 'AKS001', 1, 'Radio Tape', 0, 0, 0, '1', '0', '2017-10-13 09:01:52', '2017-11-12 05:44:34'),
('AYLA-SBD56', 'AKS001', 1, 'Strut Bar Daytona', 0, 0, 0, '1', '0', '2017-10-13 09:01:52', '2017-11-12 05:44:34'),
('AYLA-SE37', 'AKS001', 1, 'Spion Elektrik', 0, 0, 0, '1', '0', '2017-10-13 09:01:52', '2017-11-12 05:44:34'),
('AYLA-SJM34', 'AKS001', 1, 'Sarung Jok Omega Picasso', 0, 0, 0, '1', '0', '2017-10-13 09:01:52', '2017-11-12 05:44:34'),
('AYLA-SJO35', 'AKS001', 1, 'Sarung Jok Omega Bintik', 0, 0, 0, '1', '0', '2017-10-13 09:01:52', '2017-11-12 05:44:34'),
('AYLA-SJS18', 'AKS001', 1, 'Sarung Jok Std', 0, 0, 0, '1', '0', '2017-10-13 09:01:52', '2017-11-12 05:44:34'),
('AYLA-SK38', 'AKS001', 1, 'Spion Kap Mesin', 0, 0, 0, '1', '0', '2017-10-13 09:01:52', '2017-11-12 05:44:34'),
('AYLA-SP39', 'AKS001', 1, 'Spoiler Plastik Original Wing', 0, 0, 0, '1', '0', '2017-10-13 09:01:52', '2017-11-12 05:44:34'),
('AYLA-SPB36', 'AKS001', 1, 'Sill Plate Belakang', 0, 0, 0, '1', '0', '2017-10-13 09:01:52', '2017-11-12 05:44:34'),
('AYLA-SPS50', 'AKS001', 1, 'Sill Plate Samping 4 pcs', 0, 0, 0, '1', '0', '2017-10-13 09:01:52', '2017-11-12 05:44:34'),
('AYLA-SPU21', 'AKS001', 1, 'Speaker PU', 0, 0, 0, '1', '0', '2017-10-13 09:01:52', '2017-11-12 05:44:34'),
('AYLA-SZ40', 'AKS001', 1, 'Stabilizer Daytona', 0, 0, 0, '1', '0', '2017-10-13 09:01:52', '2017-11-12 05:44:34'),
('AYLA-TB44', 'AKS001', 1, 'Tanduk Belakang Karet', 0, 0, 0, '1', '0', '2017-10-13 09:01:52', '2017-11-12 05:44:34'),
('AYLA-TC19', 'AKS001', 1, 'Tanki Cover', 0, 0, 0, '1', '0', '2017-10-13 09:01:52', '2017-11-12 05:44:34'),
('AYLA-TD43', 'AKS001', 1, 'Tanduk Depan', 0, 0, 0, '1', '0', '2017-10-13 09:01:52', '2017-11-12 05:44:34'),
('AYLA-TLB47', 'AKS001', 1, 'Trunk Lid Besar', 0, 0, 0, '1', '0', '2017-10-13 09:01:52', '2017-11-12 05:44:34'),
('AYLA-TLH41', 'AKS001', 1, 'Talang Air Bagus', 0, 0, 0, '1', '0', '2017-10-13 09:01:52', '2017-11-12 05:44:34'),
('AYLA-TLK48', 'AKS001', 1, 'Trunk Lid Kecil', 0, 0, 0, '1', '0', '2017-10-13 09:01:52', '2017-11-12 05:44:34'),
('AYLA-TLS42', 'AKS001', 1, 'Talang Air Biasa', 0, 0, 0, '1', '0', '2017-10-13 09:01:52', '2017-11-12 05:44:34'),
('AYLA-WC45', 'AKS001', 1, 'Wiper Cover', 0, 0, 0, '1', '0', '2017-10-13 09:01:52', '2017-11-12 05:44:34'),
('AYLA-WP46', 'AKS001', 1, 'Wood Panel', 0, 0, 0, '1', '0', '2017-10-13 09:01:52', '2017-11-12 05:44:34'),
('GM-BC01', 'AKS001', 2, 'Body Cover', 130000, 143000, 162500, '1', '0', '2017-10-13 09:01:51', '2017-11-12 05:44:34'),
('GM-CB14', 'AKS001', 2, 'Cover Bumper Jaring', 0, 0, 0, '1', '0', '2017-10-13 09:01:52', '2017-11-12 05:44:34'),
('GM-CB26', 'AKS001', 2, 'Console Box Kecil', 0, 0, 0, '1', '0', '2017-10-13 09:01:52', '2017-11-12 05:44:34'),
('GM-CBB58', 'AKS001', 2, 'Console Box Besar', 0, 0, 0, '1', '0', '2017-10-13 09:01:52', '2017-11-12 05:44:34'),
('GM-CL11', 'AKS001', 2, 'Remote Central Lock', 260000, 286000, 325000, '1', '0', '2017-10-13 09:01:51', '2017-11-12 05:44:34'),
('GM-DH02', 'AKS001', 2, 'Door Handle', 0, 0, 0, '1', '0', '2017-10-13 09:01:51', '2017-11-12 05:44:34'),
('GM-FL03', 'AKS001', 2, 'Fog Lamp', 0, 0, 0, '1', '0', '2017-10-13 09:01:51', '2017-11-12 05:44:34'),
('GM-FPU23', 'AKS001', 2, 'PU Set', 275000, 302500, 343750, '1', '0', '2017-10-13 09:01:52', '2017-11-12 05:44:34'),
('GM-FS27', 'AKS001', 2, 'Foot Step', 0, 0, 0, '1', '0', '2017-10-13 09:01:52', '2017-11-12 05:44:34'),
('GM-GB04', 'AKS001', 2, 'Garnish Belakang', 0, 0, 0, '1', '0', '2017-10-13 09:01:51', '2017-11-12 05:44:34'),
('GM-GB57', 'AKS001', 2, 'Glove Box', 0, 0, 0, '1', '0', '2017-10-13 09:01:52', '2017-11-12 05:44:34'),
('GM-GD51', 'AKS001', 2, 'Grille Depan 3 pcs', 0, 0, 0, '1', '0', '2017-10-13 09:01:52', '2017-11-12 05:44:34'),
('GM-GF05', 'AKS001', 2, 'Garnish Depan', 0, 0, 0, '1', '0', '2017-10-13 09:01:51', '2017-11-12 05:44:34'),
('GM-GF52', 'AKS001', 2, 'Garnish Foglamp Lebar', 0, 0, 0, '1', '0', '2017-10-13 09:01:52', '2017-11-12 05:44:34'),
('GM-GKM55', 'AKS001', 2, 'Grille Depan Hummer', 0, 0, 0, '1', '0', '2017-10-13 09:01:52', '2017-11-12 05:44:34'),
('GM-GRL32', 'AKS001', 2, 'Garnish Reflektor Lampu Belakang', 0, 0, 0, '1', '0', '2017-10-13 09:01:52', '2017-11-12 05:44:34'),
('GM-GTB53', 'AKS001', 2, 'Garnish Tanduk Belakang', 0, 0, 0, '1', '0', '2017-10-13 09:01:52', '2017-11-12 05:44:34'),
('GM-HLX54', 'AKS001', 2, 'Handle Luar New Xenia', 0, 0, 0, '1', '0', '2017-10-13 09:01:52', '2017-11-12 05:44:34'),
('GM-HR06', 'AKS001', 2, 'Hordeng Tipis', 0, 0, 0, '1', '0', '2017-10-13 09:01:51', '2017-11-12 05:44:34'),
('GM-HRJ28', 'AKS001', 2, 'Hordeng JSL Kain Tebal', 0, 0, 0, '1', '0', '2017-10-13 09:01:52', '2017-11-12 05:44:34'),
('GM-KDT07', 'AKS001', 2, 'Karpet Dasar Tebal', 280000, 308000, 350000, '1', '0', '2017-10-13 09:01:51', '2017-11-12 05:44:34'),
('GM-KDTT08', 'AKS001', 2, 'Karpet Dasar Tipis', 230000, 253000, 287500, '1', '0', '2017-10-13 09:01:51', '2017-11-12 05:44:34'),
('GM-KLK12', 'AKS001', 2, 'Karpet Lumpur Karet', 0, 0, 0, '1', '0', '2017-10-13 09:01:51', '2017-11-12 05:44:34'),
('GM-KLP13', 'AKS001', 2, 'Karpet Lumpur Plastik', 0, 0, 0, '1', '0', '2017-10-13 09:01:51', '2017-11-12 05:44:34'),
('GM-KN25', 'AKS001', 2, 'Buntut Knalpot', 0, 0, 0, '1', '0', '2017-10-13 09:01:52', '2017-11-12 05:44:34'),
('GM-KOK09', 'AKS001', 2, 'Karpet Original Lantai Karet Nama', 310000, 341000, 387500, '1', '0', '2017-10-13 09:01:51', '2017-11-12 05:44:34'),
('GM-KPP10', 'AKS001', 2, 'Karpet PackyPoda Lantai', 160000, 176000, 200000, '1', '0', '2017-10-13 09:01:51', '2017-11-12 05:44:34'),
('GM-LKB29', 'AKS001', 2, 'List Kaca Belakang', 0, 0, 0, '1', '0', '2017-10-13 09:01:52', '2017-11-12 05:44:34'),
('GM-LKS30', 'AKS001', 2, 'List Kaca Samping', 0, 0, 0, '1', '0', '2017-10-13 09:01:52', '2017-11-12 05:44:34'),
('GM-ODH14', 'AKS001', 2, 'Outer Door Handle (1 set DH02)', 0, 0, 0, '1', '0', '2017-10-13 09:01:51', '2017-11-12 05:44:34'),
('GM-OR49', 'AKS001', 2, 'Ornamen BG', 0, 0, 0, '1', '0', '2017-10-13 09:01:52', '2017-11-12 05:44:34'),
('GM-RBU22', 'AKS001', 2, 'Riben PU', 42500, 46750, 53125, '1', '0', '2017-10-13 09:01:52', '2017-11-12 05:44:34'),
('GM-RDO17', 'AKS001', 2, 'Riben Depan Only', 70000, 77000, 87500, '1', '0', '2017-10-13 09:01:51', '2017-11-12 05:44:34'),
('GM-RH15', 'AKS001', 2, 'Riben Hitam', 200000, 220000, 250000, '1', '0', '2017-10-13 09:01:51', '2017-11-12 05:44:34'),
('GM-RL31', 'AKS001', 2, 'Reflektor Lampu Belakang', 0, 0, 0, '1', '0', '2017-10-13 09:01:52', '2017-11-12 05:44:34'),
('GM-RR33', 'AKS001', 2, 'Roof Rail Universal', 0, 0, 0, '1', '0', '2017-10-13 09:01:52', '2017-11-12 05:44:34'),
('GM-RS16', 'AKS001', 2, 'Riben Silver', 250000, 275000, 312500, '1', '0', '2017-10-13 09:01:51', '2017-11-12 05:44:34'),
('GM-RT20', 'AKS001', 2, 'Radio Tape', 160000, 176000, 200000, '1', '0', '2017-10-13 09:01:52', '2017-11-12 05:44:34'),
('GM-SBD56', 'AKS001', 2, 'Strut Bar Daytona', 0, 0, 0, '1', '0', '2017-10-13 09:01:52', '2017-11-12 05:44:34'),
('GM-SE37', 'AKS001', 2, 'Spion Elektrik', 0, 0, 0, '1', '0', '2017-10-13 09:01:52', '2017-11-12 05:44:34'),
('GM-SJM34', 'AKS001', 2, 'Sarung Jok Omega Picasso', 0, 0, 0, '1', '0', '2017-10-13 09:01:52', '2017-11-12 05:44:34'),
('GM-SJO35', 'AKS001', 2, 'Sarung Jok Omega Bintik', 800000, 880000, 1000000, '1', '0', '2017-10-13 09:01:52', '2017-11-12 05:44:34'),
('GM-SJS18', 'AKS001', 2, 'Sarung Jok Std', 500000, 550000, 625000, '1', '0', '2017-10-13 09:01:52', '2017-11-12 05:44:34'),
('GM-SK38', 'AKS001', 2, 'Spion Kap Mesin', 0, 0, 0, '1', '0', '2017-10-13 09:01:52', '2017-11-12 05:44:34'),
('GM-SP39', 'AKS001', 2, 'Spoiler Plastik Original Wing', 0, 0, 0, '1', '0', '2017-10-13 09:01:52', '2017-11-12 05:44:34'),
('GM-SPB36', 'AKS001', 2, 'Sill Plate Belakang', 0, 0, 0, '1', '0', '2017-10-13 09:01:52', '2017-11-12 05:44:34'),
('GM-SPS50', 'AKS001', 2, 'Sill Plate Samping 4 pcs', 0, 0, 0, '1', '0', '2017-10-13 09:01:52', '2017-11-12 05:44:34'),
('GM-SPU21', 'AKS001', 2, 'Speaker PU', 72500, 79750, 90625, '1', '0', '2017-10-13 09:01:52', '2017-11-12 05:44:34'),
('GM-SZ40', 'AKS001', 2, 'Stabilizer Daytona', 0, 0, 0, '1', '0', '2017-10-13 09:01:52', '2017-11-12 05:44:34'),
('GM-TB44', 'AKS001', 2, 'Tanduk Belakang Karet', 0, 0, 0, '1', '0', '2017-10-13 09:01:52', '2017-11-12 05:44:34'),
('GM-TC19', 'AKS001', 2, 'Tanki Cover', 0, 0, 0, '1', '0', '2017-10-13 09:01:52', '2017-11-12 05:44:34'),
('GM-TD43', 'AKS001', 2, 'Tanduk Depan', 0, 0, 0, '1', '0', '2017-10-13 09:01:52', '2017-11-12 05:44:34'),
('GM-TLB47', 'AKS001', 2, 'Trunk Lid Besar', 0, 0, 0, '1', '0', '2017-10-13 09:01:52', '2017-11-12 05:44:34'),
('GM-TLH41', 'AKS001', 2, 'Talang Air Bagus', 0, 0, 0, '1', '0', '2017-10-13 09:01:52', '2017-11-12 05:44:34'),
('GM-TLK48', 'AKS001', 2, 'Trunk Lid Kecil', 0, 0, 0, '1', '0', '2017-10-13 09:01:52', '2017-11-12 05:44:34'),
('GM-TLS42', 'AKS001', 2, 'Talang Air Biasa', 0, 0, 0, '1', '0', '2017-10-13 09:01:52', '2017-11-12 05:44:34'),
('GM-WC45', 'AKS001', 2, 'Wiper Cover', 0, 0, 0, '1', '0', '2017-10-13 09:01:52', '2017-11-12 05:44:34'),
('GM-WP46', 'AKS001', 2, 'Wood Panel', 0, 0, 0, '1', '0', '2017-10-13 09:01:52', '2017-11-12 05:44:34'),
('GNX-CB14', 'AKS001', 3, 'Cover Bumper Jaring', 100000, 110000, 125000, '1', '0', '2017-10-13 09:01:51', '2017-11-12 05:44:34'),
('GNX-CB26', 'AKS001', 3, 'Console Box Kecil', 125000, 137500, 156250, '1', '0', '2017-10-13 09:01:51', '2017-11-12 05:44:34'),
('GNX-CBB58', 'AKS001', 3, 'Console Box Besar', 425000, 467500, 531250, '1', '0', '2017-10-13 09:01:51', '2017-11-12 05:44:34'),
('GNX-CL11', 'AKS001', 3, 'Remote Central Lock', 260000, 286000, 325000, '1', '0', '2017-10-13 09:01:51', '2017-11-12 05:44:34'),
('GNX-DH02', 'AKS001', 3, 'Door Handle', 130000, 143000, 162500, '1', '0', '2017-10-13 09:01:50', '2017-11-12 05:44:34'),
('GNX-FL03', 'AKS001', 3, 'Fog Lamp', 550000, 605000, 687500, '1', '0', '2017-10-13 09:01:50', '2017-11-12 05:44:34'),
('GNX-FPU23', 'AKS001', 3, 'PU Set', 0, 0, 0, '1', '0', '2017-10-13 09:01:51', '2017-11-12 05:44:34'),
('GNX-FS27', 'AKS001', 3, 'Foot Step', 600000, 660000, 750000, '1', '0', '2017-10-13 09:01:51', '2017-11-12 05:44:34'),
('GNX-GB04', 'AKS001', 3, 'Garnish Belakang', 160000, 176000, 200000, '1', '0', '2017-10-13 09:01:50', '2017-11-12 05:44:34'),
('GNX-GB57', 'AKS001', 3, 'Glove Box', 0, 0, 0, '1', '0', '2017-10-13 09:01:51', '2017-11-12 05:44:34'),
('GNX-GD51', 'AKS001', 3, 'Grille Depan 3 pcs', 225000, 247500, 281250, '1', '0', '2017-10-13 09:01:51', '2017-11-12 05:44:34'),
('GNX-GF05', 'AKS001', 3, 'Garnish Depan', 150000, 165000, 187500, '1', '0', '2017-10-13 09:01:50', '2017-11-12 05:44:34'),
('GNX-GF52', 'AKS001', 3, 'Garnish Foglamp Lebar', 0, 0, 0, '1', '0', '2017-10-13 09:01:51', '2017-11-12 05:44:34'),
('GNX-GKM55', 'AKS001', 3, 'Grille Depan Hummer', 0, 0, 0, '1', '0', '2017-10-13 09:01:51', '2017-11-12 05:44:34'),
('GNX-GRL32', 'AKS001', 3, 'Garnish Reflektor Lampu Belakang', 95000, 104500, 118750, '1', '0', '2017-10-13 09:01:51', '2017-11-12 05:44:34'),
('GNX-GTB53', 'AKS001', 3, 'Garnish Tanduk Belakang', 100000, 110000, 125000, '1', '0', '2017-10-13 09:01:51', '2017-11-12 05:44:34'),
('GNX-HLX54', 'AKS001', 3, 'Handle Luar New Xenia', 650000, 715000, 812500, '1', '0', '2017-10-13 09:01:51', '2017-11-12 05:44:34'),
('GNX-HR06', 'AKS001', 3, 'Hordeng Tipis', 375000, 412500, 468750, '1', '0', '2017-10-13 09:01:50', '2017-11-12 05:44:34'),
('GNX-HRJ28', 'AKS001', 3, 'Hordeng JSL Kain Tebal', 475000, 522500, 593750, '1', '0', '2017-10-13 09:01:51', '2017-11-12 05:44:34'),
('GNX-KDT07', 'AKS001', 3, 'Karpet Dasar Tebal', 250000, 275000, 312500, '1', '0', '2017-10-13 09:01:50', '2017-11-12 05:44:34'),
('GNX-KDTT08', 'AKS001', 3, 'Karpet Dasar Tipis', 200000, 220000, 250000, '1', '0', '2017-10-13 09:01:50', '2017-11-12 05:44:34'),
('GNX-KLK12', 'AKS001', 3, 'Karpet Lumpur Karet', 0, 0, 0, '1', '0', '2017-10-13 09:01:51', '2017-11-12 05:44:34'),
('GNX-KLP13', 'AKS001', 3, 'Karpet Lumpur Plastik', 125000, 137500, 156250, '1', '0', '2017-10-13 09:01:51', '2017-11-12 05:44:34'),
('GNX-KN25', 'AKS001', 3, 'Buntut Knalpot', 90000, 99000, 112500, '1', '0', '2017-10-13 09:01:51', '2017-11-12 05:44:34'),
('GNX-KOK09', 'AKS001', 3, 'Karpet Original Lantai Karet Nama', 250000, 275000, 312500, '1', '0', '2017-10-13 09:01:51', '2017-11-12 05:44:34'),
('GNX-KPP10', 'AKS001', 3, 'Karpet PackyPoda Lantai', 160000, 176000, 200000, '1', '0', '2017-10-13 09:01:51', '2017-11-12 05:44:34'),
('GNX-LKB29', 'AKS001', 3, 'List Kaca Belakang', 100000, 110000, 125000, '1', '0', '2017-10-13 09:01:51', '2017-11-12 05:44:34'),
('GNX-LKS30', 'AKS001', 3, 'List Kaca Samping', 110000, 121000, 137500, '1', '0', '2017-10-13 09:01:51', '2017-11-12 05:44:34'),
('GNX-ODH14', 'AKS001', 3, 'Outer Door Handle (1 set DH02)', 160000, 176000, 200000, '1', '0', '2017-10-13 09:01:51', '2017-11-12 05:44:34'),
('GNX-OR49', 'AKS001', 3, 'Ornamen BG', 230000, 253000, 287500, '1', '0', '2017-10-13 09:01:51', '2017-11-12 05:44:34'),
('GNX-RBU22', 'AKS001', 3, 'Riben PU', 0, 0, 0, '1', '0', '2017-10-13 09:01:51', '2017-11-12 05:44:34'),
('GNX-RDO17', 'AKS001', 3, 'Riben Depan Only', 70000, 77000, 87500, '1', '0', '2017-10-13 09:01:51', '2017-11-12 05:44:34'),
('GNX-RH15', 'AKS001', 3, 'Riben Hitam', 180000, 198000, 225000, '1', '0', '2017-10-13 09:01:51', '2017-11-12 05:44:34'),
('GNX-RL31', 'AKS001', 3, 'Reflektor Lampu Belakang', 95000, 104500, 118750, '1', '0', '2017-10-13 09:01:51', '2017-11-12 05:44:34'),
('GNX-RR33', 'AKS001', 3, 'Roof Rail Universal', 225000, 247500, 281250, '1', '0', '2017-10-13 09:01:51', '2017-11-12 05:44:34'),
('GNX-RS16', 'AKS001', 3, 'Riben Silver', 230000, 253000, 287500, '1', '0', '2017-10-13 09:01:51', '2017-11-12 05:44:34'),
('GNX-RT20', 'AKS001', 3, 'Radio Tape', 160000, 176000, 200000, '1', '0', '2017-10-13 09:01:51', '2017-11-12 05:44:34'),
('GNX-SBD56', 'AKS001', 3, 'Strut Bar Daytona', 550000, 605000, 687500, '1', '0', '2017-10-13 09:01:51', '2017-11-12 05:44:34'),
('GNX-SE37', 'AKS001', 3, 'Spion Elektrik', 1150000, 1265000, 1437500, '1', '0', '2017-10-13 09:01:51', '2017-11-12 05:44:34'),
('GNX-SJM34', 'AKS001', 3, 'Sarung Jok Omega Picasso', 1100000, 1210000, 1375000, '1', '0', '2017-10-13 09:01:51', '2017-11-12 05:44:34'),
('GNX-SJO35', 'AKS001', 3, 'Sarung Jok Omega Bintik', 800000, 880000, 1000000, '1', '0', '2017-10-13 09:01:51', '2017-11-12 05:44:34'),
('GNX-SJS18', 'AKS001', 3, 'Sarung Jok Std', 500000, 550000, 625000, '1', '0', '2017-10-13 09:01:51', '2017-11-12 05:44:34'),
('GNX-SK38', 'AKS001', 3, 'Spion Kap Mesin', 0, 0, 0, '1', '0', '2017-10-13 09:01:51', '2017-11-12 05:44:34'),
('GNX-SP39', 'AKS001', 3, 'Spoiler Plastik Original Wing', 450000, 495000, 562500, '1', '0', '2017-10-13 09:01:51', '2017-11-12 05:44:34'),
('GNX-SPB36', 'AKS001', 3, 'Sill Plate Belakang', 75000, 82500, 93750, '1', '0', '2017-10-13 09:01:51', '2017-11-12 05:44:34'),
('GNX-SPS50', 'AKS001', 3, 'Sill Plate Samping 4 pcs', 85000, 93500, 106250, '1', '0', '2017-10-13 09:01:51', '2017-11-12 05:44:34'),
('GNX-SPU21', 'AKS001', 3, 'Speaker PU', 0, 0, 0, '1', '0', '2017-10-13 09:01:51', '2017-11-12 05:44:34'),
('GNX-SZ40', 'AKS001', 3, 'Stabilizer Daytona', 425000, 467500, 531250, '1', '0', '2017-10-13 09:01:51', '2017-11-12 05:44:34'),
('GNX-TB44', 'AKS001', 3, 'Tanduk Belakang Karet', 375000, 412500, 468750, '1', '0', '2017-10-13 09:01:51', '2017-11-12 05:44:34'),
('GNX-TC19', 'AKS001', 3, 'Tanki Cover', 40000, 44000, 50000, '1', '0', '2017-10-13 09:01:51', '2017-11-12 05:44:34'),
('GNX-TD43', 'AKS001', 3, 'Tanduk Depan', 0, 0, 0, '1', '0', '2017-10-13 09:01:51', '2017-11-12 05:44:34'),
('GNX-TLB47', 'AKS001', 3, 'Trunk Lid Besar', 110000, 121000, 137500, '1', '0', '2017-10-13 09:01:51', '2017-11-12 05:44:34'),
('GNX-TLH41', 'AKS001', 3, 'Talang Air Bagus', 180000, 198000, 225000, '1', '0', '2017-10-13 09:01:51', '2017-11-12 05:44:34'),
('GNX-TLK48', 'AKS001', 3, 'Trunk Lid Kecil', 100000, 110000, 125000, '1', '0', '2017-10-13 09:01:51', '2017-11-12 05:44:34'),
('GNX-TLS42', 'AKS001', 3, 'Talang Air Biasa', 90000, 99000, 112500, '1', '0', '2017-10-13 09:01:51', '2017-11-12 05:44:34'),
('GNX-WC45', 'AKS001', 3, 'Wiper Cover', 80000, 88000, 100000, '1', '0', '2017-10-13 09:01:51', '2017-11-12 05:44:34'),
('GNX-WP46', 'AKS001', 3, 'Wood Panel', 450000, 495000, 562500, '1', '0', '2017-10-13 09:01:51', '2017-11-12 05:44:34'),
('LUXIO-BC01', 'AKS001', 5, 'Body Cover', 130000, 143000, 162500, '1', '0', '2017-10-13 09:01:51', '2017-11-12 05:44:34'),
('LUXIO-CB14', 'AKS001', 5, 'Cover Bumper Jaring', 0, 0, 0, '1', '0', '2017-10-13 09:01:51', '2017-11-12 05:44:34'),
('LUXIO-CB26', 'AKS001', 5, 'Console Box Kecil', 0, 0, 0, '1', '0', '2017-10-13 09:01:51', '2017-11-12 05:44:34'),
('LUXIO-CBB58', 'AKS001', 5, 'Console Box Besar', 0, 0, 0, '1', '0', '2017-10-13 09:01:51', '2017-11-12 05:44:34'),
('LUXIO-CL11', 'AKS001', 5, 'Remote Central Lock', 260000, 286000, 325000, '1', '0', '2017-10-13 09:01:51', '2017-11-12 05:44:34'),
('LUXIO-DH02', 'AKS001', 5, 'Door Handle', 0, 0, 0, '1', '0', '2017-10-13 09:01:51', '2017-11-12 05:44:34'),
('LUXIO-FL03', 'AKS001', 5, 'Fog Lamp', 0, 0, 0, '1', '0', '2017-10-13 09:01:51', '2017-11-12 05:44:34'),
('LUXIO-FPU23', 'AKS001', 5, 'PU Set', 0, 0, 0, '1', '0', '2017-10-13 09:01:51', '2017-11-12 05:44:34'),
('LUXIO-FS27', 'AKS001', 5, 'Foot Step', 0, 0, 0, '1', '0', '2017-10-13 09:01:51', '2017-11-12 05:44:34'),
('LUXIO-GB04', 'AKS001', 5, 'Garnish Belakang', 0, 0, 0, '1', '0', '2017-10-13 09:01:51', '2017-11-12 05:44:34'),
('LUXIO-GB57', 'AKS001', 5, 'Glove Box', 0, 0, 0, '1', '0', '2017-10-13 09:01:51', '2017-11-12 05:44:34'),
('LUXIO-GD51', 'AKS001', 5, 'Grille Depan 3 pcs', 0, 0, 0, '1', '0', '2017-10-13 09:01:51', '2017-11-12 05:44:34'),
('LUXIO-GF05', 'AKS001', 5, 'Garnish Depan', 0, 0, 0, '1', '0', '2017-10-13 09:01:51', '2017-11-12 05:44:34'),
('LUXIO-GF52', 'AKS001', 5, 'Garnish Foglamp Lebar', 0, 0, 0, '1', '0', '2017-10-13 09:01:51', '2017-11-12 05:44:34'),
('LUXIO-GKM55', 'AKS001', 5, 'Grille Depan Hummer', 0, 0, 0, '1', '0', '2017-10-13 09:01:51', '2017-11-12 05:44:34'),
('LUXIO-GRL32', 'AKS001', 5, 'Garnish Reflektor Lampu Belakang', 0, 0, 0, '1', '0', '2017-10-13 09:01:51', '2017-11-12 05:44:34'),
('LUXIO-GTB53', 'AKS001', 5, 'Garnish Tanduk Belakang', 0, 0, 0, '1', '0', '2017-10-13 09:01:51', '2017-11-12 05:44:34'),
('LUXIO-HLX54', 'AKS001', 5, 'Handle Luar New Xenia', 0, 0, 0, '1', '0', '2017-10-13 09:01:51', '2017-11-12 05:44:34'),
('LUXIO-HR06', 'AKS001', 5, 'Hordeng Tipis', 0, 0, 0, '1', '0', '2017-10-13 09:01:51', '2017-11-12 05:44:34'),
('LUXIO-HRJ28', 'AKS001', 5, 'Hordeng JSL Kain Tebal', 475000, 522500, 593750, '1', '0', '2017-10-13 09:01:51', '2017-11-12 05:44:34'),
('LUXIO-KDT07', 'AKS001', 5, 'Karpet Dasar Tebal', 280000, 308000, 350000, '1', '0', '2017-10-13 09:01:51', '2017-11-12 05:44:34'),
('LUXIO-KDTT08', 'AKS001', 5, 'Karpet Dasar Tipis', 230000, 253000, 287500, '1', '0', '2017-10-13 09:01:51', '2017-11-12 05:44:34'),
('LUXIO-KLK12', 'AKS001', 5, 'Karpet Lumpur Karet', 0, 0, 0, '1', '0', '2017-10-13 09:01:51', '2017-11-12 05:44:34'),
('LUXIO-KLP13', 'AKS001', 5, 'Karpet Lumpur Plastik', 0, 0, 0, '1', '0', '2017-10-13 09:01:51', '2017-11-12 05:44:34'),
('LUXIO-KN25', 'AKS001', 5, 'Buntut Knalpot', 0, 0, 0, '1', '0', '2017-10-13 09:01:51', '2017-11-12 05:44:34'),
('LUXIO-KOK09', 'AKS001', 5, 'Karpet Original Lantai Karet Nama', 310000, 341000, 387500, '1', '0', '2017-10-13 09:01:51', '2017-11-12 05:44:34'),
('LUXIO-KPP10', 'AKS001', 5, 'Karpet PackyPoda Lantai', 160000, 176000, 200000, '1', '0', '2017-10-13 09:01:51', '2017-11-12 05:44:34'),
('LUXIO-LKB29', 'AKS001', 5, 'List Kaca Belakang', 0, 0, 0, '1', '0', '2017-10-13 09:01:51', '2017-11-12 05:44:34'),
('LUXIO-LKS30', 'AKS001', 5, 'List Kaca Samping', 0, 0, 0, '1', '0', '2017-10-13 09:01:51', '2017-11-12 05:44:34'),
('LUXIO-ODH14', 'AKS001', 5, 'Outer Door Handle (1 set DH02)', 0, 0, 0, '1', '0', '2017-10-13 09:01:51', '2017-11-12 05:44:34'),
('LUXIO-OR49', 'AKS001', 5, 'Ornamen BG', 0, 0, 0, '1', '0', '2017-10-13 09:01:51', '2017-11-12 05:44:34'),
('LUXIO-RBU22', 'AKS001', 5, 'Riben PU', 0, 0, 0, '1', '0', '2017-10-13 09:01:51', '2017-11-12 05:44:34'),
('LUXIO-RDO17', 'AKS001', 5, 'Riben Depan Only', 70000, 77000, 87500, '1', '0', '2017-10-13 09:01:51', '2017-11-12 05:44:34'),
('LUXIO-RH15', 'AKS001', 5, 'Riben Hitam', 200000, 220000, 250000, '1', '0', '2017-10-13 09:01:51', '2017-11-12 05:44:34'),
('LUXIO-RL31', 'AKS001', 5, 'Reflektor Lampu Belakang', 0, 0, 0, '1', '0', '2017-10-13 09:01:51', '2017-11-12 05:44:34'),
('LUXIO-RR33', 'AKS001', 5, 'Roof Rail Universal', 0, 0, 0, '1', '0', '2017-10-13 09:01:51', '2017-11-12 05:44:34'),
('LUXIO-RS16', 'AKS001', 5, 'Riben Silver', 250000, 275000, 312500, '1', '0', '2017-10-13 09:01:51', '2017-11-12 05:44:34'),
('LUXIO-RT20', 'AKS001', 5, 'Radio Tape', 160000, 176000, 200000, '1', '0', '2017-10-13 09:01:51', '2017-11-12 05:44:34'),
('LUXIO-SBD56', 'AKS001', 5, 'Strut Bar Daytona', 0, 0, 0, '1', '0', '2017-10-13 09:01:51', '2017-11-12 05:44:34'),
('LUXIO-SE37', 'AKS001', 5, 'Spion Elektrik', 0, 0, 0, '1', '0', '2017-10-13 09:01:51', '2017-11-12 05:44:34'),
('LUXIO-SJM34', 'AKS001', 5, 'Sarung Jok Omega Picasso', 0, 0, 0, '1', '0', '2017-10-13 09:01:51', '2017-11-12 05:44:34'),
('LUXIO-SJO35', 'AKS001', 5, 'Sarung Jok Omega Bintik', 800000, 880000, 1000000, '1', '0', '2017-10-13 09:01:51', '2017-11-12 05:44:34'),
('LUXIO-SJS18', 'AKS001', 5, 'Sarung Jok Std', 500000, 550000, 625000, '1', '0', '2017-10-13 09:01:51', '2017-11-12 05:44:34'),
('LUXIO-SK38', 'AKS001', 5, 'Spion Kap Mesin', 0, 0, 0, '1', '0', '2017-10-13 09:01:51', '2017-11-12 05:44:34'),
('LUXIO-SP39', 'AKS001', 5, 'Spoiler Plastik Original Wing', 0, 0, 0, '1', '0', '2017-10-13 09:01:51', '2017-11-12 05:44:34'),
('LUXIO-SPB36', 'AKS001', 5, 'Sill Plate Belakang', 0, 0, 0, '1', '0', '2017-10-13 09:01:51', '2017-11-12 05:44:34'),
('LUXIO-SPS50', 'AKS001', 5, 'Sill Plate Samping 4 pcs', 0, 0, 0, '1', '0', '2017-10-13 09:01:51', '2017-11-12 05:44:34'),
('LUXIO-SPU21', 'AKS001', 5, 'Speaker PU', 0, 0, 0, '1', '0', '2017-10-13 09:01:51', '2017-11-12 05:44:34'),
('LUXIO-SZ40', 'AKS001', 5, 'Stabilizer Daytona', 0, 0, 0, '1', '0', '2017-10-13 09:01:51', '2017-11-12 05:44:34'),
('LUXIO-TB44', 'AKS001', 5, 'Tanduk Belakang Karet', 0, 0, 0, '1', '0', '2017-10-13 09:01:51', '2017-11-12 05:44:34'),
('LUXIO-TC19', 'AKS001', 5, 'Tanki Cover', 0, 0, 0, '1', '0', '2017-10-13 09:01:51', '2017-11-12 05:44:34'),
('LUXIO-TD43', 'AKS001', 5, 'Tanduk Depan', 0, 0, 0, '1', '0', '2017-10-13 09:01:51', '2017-11-12 05:44:34'),
('LUXIO-TLB47', 'AKS001', 5, 'Trunk Lid Besar', 0, 0, 0, '1', '0', '2017-10-13 09:01:51', '2017-11-12 05:44:34'),
('LUXIO-TLH41', 'AKS001', 5, 'Talang Air Bagus', 0, 0, 0, '1', '0', '2017-10-13 09:01:51', '2017-11-12 05:44:34'),
('LUXIO-TLK48', 'AKS001', 5, 'Trunk Lid Kecil', 0, 0, 0, '1', '0', '2017-10-13 09:01:51', '2017-11-12 05:44:34'),
('LUXIO-TLS42', 'AKS001', 5, 'Talang Air Biasa', 0, 0, 0, '1', '0', '2017-10-13 09:01:51', '2017-11-12 05:44:34'),
('LUXIO-WC45', 'AKS001', 5, 'Wiper Cover', 0, 0, 0, '1', '0', '2017-10-13 09:01:51', '2017-11-12 05:44:34'),
('LUXIO-WP46', 'AKS001', 5, 'Wood Panel', 0, 0, 0, '1', '0', '2017-10-13 09:01:51', '2017-11-12 05:44:34'),
('TERIOS-BC01', 'AKS001', 9, 'Body Cover', 130000, 143000, 162500, '1', '0', '2017-10-13 09:01:51', '2017-11-12 05:44:34'),
('TERIOS-CB14', 'AKS001', 9, 'Cover Bumper Jaring', 0, 0, 0, '1', '0', '2017-10-13 09:01:51', '2017-11-12 05:44:34'),
('TERIOS-CB26', 'AKS001', 9, 'Console Box Kecil', 0, 0, 0, '1', '0', '2017-10-13 09:01:51', '2017-11-12 05:44:34'),
('TERIOS-CBB58', 'AKS001', 9, 'Console Box Besar', 0, 0, 0, '1', '0', '2017-10-13 09:01:51', '2017-11-12 05:44:34'),
('TERIOS-CL11', 'AKS001', 9, 'Remote Central Lock', 260000, 286000, 325000, '1', '0', '2017-10-13 09:01:51', '2017-11-12 05:44:34'),
('TERIOS-DH02', 'AKS001', 9, 'Door Handle', 100000, 110000, 125000, '1', '0', '2017-10-13 09:01:51', '2017-11-12 05:44:34'),
('TERIOS-FL03', 'AKS001', 9, 'Fog Lamp', 550000, 605000, 687500, '1', '0', '2017-10-13 09:01:51', '2017-11-12 05:44:34'),
('TERIOS-FPU23', 'AKS001', 9, 'PU Set', 0, 0, 0, '1', '0', '2017-10-13 09:01:51', '2017-11-12 05:44:34'),
('TERIOS-FS27', 'AKS001', 9, 'Foot Step', 0, 0, 0, '1', '0', '2017-10-13 09:01:51', '2017-11-12 05:44:34'),
('TERIOS-GB04', 'AKS001', 9, 'Garnish Belakang', 95000, 104500, 118750, '1', '0', '2017-10-13 09:01:51', '2017-11-12 05:44:34'),
('TERIOS-GB57', 'AKS001', 9, 'Glove Box', 350000, 385000, 437500, '1', '0', '2017-10-13 09:01:51', '2017-11-12 05:44:34'),
('TERIOS-GD51', 'AKS001', 9, 'Grille Depan 3 pcs', 0, 0, 0, '1', '0', '2017-10-13 09:01:51', '2017-11-12 05:44:34'),
('TERIOS-GF05', 'AKS001', 9, 'Garnish Depan', 120000, 132000, 150000, '1', '0', '2017-10-13 09:01:51', '2017-11-12 05:44:34'),
('TERIOS-GF52', 'AKS001', 9, 'Garnish Foglamp Lebar', 165000, 181500, 206250, '1', '0', '2017-10-13 09:01:51', '2017-11-12 05:44:34'),
('TERIOS-GKM55', 'AKS001', 9, 'Grille Depan Hummer', 180000, 198000, 225000, '1', '0', '2017-10-13 09:01:51', '2017-11-12 05:44:34'),
('TERIOS-GRL32', 'AKS001', 9, 'Garnish Reflektor Lampu Belakang', 0, 0, 0, '1', '0', '2017-10-13 09:01:51', '2017-11-12 05:44:34'),
('TERIOS-GTB53', 'AKS001', 9, 'Garnish Tanduk Belakang', 0, 0, 0, '1', '0', '2017-10-13 09:01:51', '2017-11-12 05:44:34'),
('TERIOS-HLX54', 'AKS001', 9, 'Handle Luar New Xenia', 0, 0, 0, '1', '0', '2017-10-13 09:01:51', '2017-11-12 05:44:34'),
('TERIOS-HR06', 'AKS001', 9, 'Hordeng Tipis', 375000, 412500, 468750, '1', '0', '2017-10-13 09:01:51', '2017-11-12 05:44:34'),
('TERIOS-HRJ28', 'AKS001', 9, 'Hordeng JSL Kain Tebal', 475000, 522500, 593750, '1', '0', '2017-10-13 09:01:51', '2017-11-12 05:44:34'),
('TERIOS-KDT07', 'AKS001', 9, 'Karpet Dasar Tebal', 250000, 275000, 312500, '1', '0', '2017-10-13 09:01:51', '2017-11-12 05:44:34'),
('TERIOS-KDTT08', 'AKS001', 9, 'Karpet Dasar Tipis', 200000, 220000, 250000, '1', '0', '2017-10-13 09:01:51', '2017-11-12 05:44:34'),
('TERIOS-KLK12', 'AKS001', 9, 'Karpet Lumpur Karet', 180000, 198000, 225000, '1', '0', '2017-10-13 09:01:51', '2017-11-12 05:44:34'),
('TERIOS-KLP13', 'AKS001', 9, 'Karpet Lumpur Plastik', 0, 0, 0, '1', '0', '2017-10-13 09:01:51', '2017-11-12 05:44:34'),
('TERIOS-KN25', 'AKS001', 9, 'Buntut Knalpot', 90000, 99000, 112500, '1', '0', '2017-10-13 09:01:51', '2017-11-12 05:44:34'),
('TERIOS-KOK09', 'AKS001', 9, 'Karpet Original Lantai Karet Nama', 250000, 275000, 312500, '1', '0', '2017-10-13 09:01:51', '2017-11-12 05:44:34'),
('TERIOS-KPP10', 'AKS001', 9, 'Karpet PackyPoda Lantai', 160000, 176000, 200000, '1', '0', '2017-10-13 09:01:51', '2017-11-12 05:44:34'),
('TERIOS-LKB29', 'AKS001', 9, 'List Kaca Belakang', 100000, 110000, 125000, '1', '0', '2017-10-13 09:01:51', '2017-11-12 05:44:34'),
('TERIOS-LKS30', 'AKS001', 9, 'List Kaca Samping', 110000, 121000, 137500, '1', '0', '2017-10-13 09:01:51', '2017-11-12 05:44:34'),
('TERIOS-ODH14', 'AKS001', 9, 'Outer Door Handle (1 set DH02)', 125000, 137500, 156250, '1', '0', '2017-10-13 09:01:51', '2017-11-12 05:44:34'),
('TERIOS-OR49', 'AKS001', 9, 'Ornamen BG', 0, 0, 0, '1', '0', '2017-10-13 09:01:51', '2017-11-12 05:44:34'),
('TERIOS-RBU22', 'AKS001', 9, 'Riben PU', 0, 0, 0, '1', '0', '2017-10-13 09:01:51', '2017-11-12 05:44:34'),
('TERIOS-RDO17', 'AKS001', 9, 'Riben Depan Only', 70000, 77000, 87500, '1', '0', '2017-10-13 09:01:51', '2017-11-12 05:44:34'),
('TERIOS-RH15', 'AKS001', 9, 'Riben Hitam', 180000, 198000, 225000, '1', '0', '2017-10-13 09:01:51', '2017-11-12 05:44:34'),
('TERIOS-RL31', 'AKS001', 9, 'Reflektor Lampu Belakang', 0, 0, 0, '1', '0', '2017-10-13 09:01:51', '2017-11-12 05:44:34'),
('TERIOS-RR33', 'AKS001', 9, 'Roof Rail Universal', 700000, 770000, 875000, '1', '0', '2017-10-13 09:01:51', '2017-11-12 05:44:34'),
('TERIOS-RS16', 'AKS001', 9, 'Riben Silver', 230000, 253000, 287500, '1', '0', '2017-10-13 09:01:51', '2017-11-12 05:44:34'),
('TERIOS-RT20', 'AKS001', 9, 'Radio Tape', 160000, 176000, 200000, '1', '0', '2017-10-13 09:01:51', '2017-11-12 05:44:34'),
('TERIOS-SBD56', 'AKS001', 9, 'Strut Bar Daytona', 0, 0, 0, '1', '0', '2017-10-13 09:01:51', '2017-11-12 05:44:34'),
('TERIOS-SE37', 'AKS001', 9, 'Spion Elektrik', 0, 0, 0, '1', '0', '2017-10-13 09:01:51', '2017-11-12 05:44:34'),
('TERIOS-SJM34', 'AKS001', 9, 'Sarung Jok Omega Picasso', 1100000, 1210000, 1375000, '1', '0', '2017-10-13 09:01:51', '2017-11-12 05:44:34'),
('TERIOS-SJO35', 'AKS001', 9, 'Sarung Jok Omega Bintik', 800000, 880000, 1000000, '1', '0', '2017-10-13 09:01:51', '2017-11-12 05:44:34'),
('TERIOS-SJS18', 'AKS001', 9, 'Sarung Jok Std', 500000, 550000, 625000, '1', '0', '2017-10-13 09:01:51', '2017-11-12 05:44:34'),
('TERIOS-SK38', 'AKS001', 9, 'Spion Kap Mesin', 350000, 385000, 437500, '1', '0', '2017-10-13 09:01:51', '2017-11-12 05:44:34'),
('TERIOS-SP39', 'AKS001', 9, 'Spoiler Plastik Original Wing', 450000, 495000, 562500, '1', '0', '2017-10-13 09:01:51', '2017-11-12 05:44:34'),
('TERIOS-SPB36', 'AKS001', 9, 'Sill Plate Belakang', 150000, 165000, 187500, '1', '0', '2017-10-13 09:01:51', '2017-11-12 05:44:34'),
('TERIOS-SPS50', 'AKS001', 9, 'Sill Plate Samping 4 pcs', 160000, 176000, 200000, '1', '0', '2017-10-13 09:01:51', '2017-11-12 05:44:34'),
('TERIOS-SPU21', 'AKS001', 9, 'Speaker PU', 0, 0, 0, '1', '0', '2017-10-13 09:01:51', '2017-11-12 05:44:34'),
('TERIOS-SZ40', 'AKS001', 9, 'Stabilizer Daytona', 425000, 467500, 531250, '1', '0', '2017-10-13 09:01:51', '2017-11-12 05:44:34'),
('TERIOS-TB44', 'AKS001', 9, 'Tanduk Belakang Karet', 450000, 495000, 562500, '1', '0', '2017-10-13 09:01:51', '2017-11-12 05:44:34'),
('TERIOS-TC19', 'AKS001', 9, 'Tanki Cover', 35000, 38500, 43750, '1', '0', '2017-10-13 09:01:51', '2017-11-12 05:44:34'),
('TERIOS-TD43', 'AKS001', 9, 'Tanduk Depan', 700000, 770000, 875000, '1', '0', '2017-10-13 09:01:51', '2017-11-12 05:44:34'),
('TERIOS-TLB47', 'AKS001', 9, 'Trunk Lid Besar', 0, 0, 0, '1', '0', '2017-10-13 09:01:51', '2017-11-12 05:44:34'),
('TERIOS-TLH41', 'AKS001', 9, 'Talang Air Bagus', 180000, 198000, 225000, '1', '0', '2017-10-13 09:01:51', '2017-11-12 05:44:34'),
('TERIOS-TLK48', 'AKS001', 9, 'Trunk Lid Kecil', 0, 0, 0, '1', '0', '2017-10-13 09:01:51', '2017-11-12 05:44:34'),
('TERIOS-TLS42', 'AKS001', 9, 'Talang Air Biasa', 90000, 99000, 112500, '1', '0', '2017-10-13 09:01:51', '2017-11-12 05:44:34'),
('TERIOS-WC45', 'AKS001', 9, 'Wiper Cover', 80000, 88000, 100000, '1', '0', '2017-10-13 09:01:51', '2017-11-12 05:44:34'),
('TERIOS-WP46', 'AKS001', 9, 'Wood Panel', 550000, 605000, 687500, '1', '0', '2017-10-13 09:01:51', '2017-11-12 05:44:34'),
('X-BC01', 'AKS001', 3, 'Body Cover', 120000, 132000, 150000, '0', '0', '2017-10-13 09:01:50', '2017-11-12 10:46:54');

-- --------------------------------------------------------

--
-- Table structure for table `tb_asuransi_jenis`
--

CREATE TABLE `tb_asuransi_jenis` (
  `ajenis_id` int(10) NOT NULL,
  `ajenis_nama` varchar(100) NOT NULL
) ENGINE=InnoDB DEFAULT CHARSET=latin1;

--
-- Dumping data for table `tb_asuransi_jenis`
--

INSERT INTO `tb_asuransi_jenis` (`ajenis_id`, `ajenis_nama`) VALUES
(1, 'ALL RISK'),
(2, 'TLO'),
(3, 'KOMBINASI');

-- --------------------------------------------------------

--
-- Table structure for table `tb_bank`
--

CREATE TABLE `tb_bank` (
  `bank_id` int(10) NOT NULL,
  `bank_kategori` int(11) NOT NULL,
  `bank_an` varchar(100) NOT NULL,
  `bank_rek` varchar(20) NOT NULL,
  `bank_akun` varchar(10) NOT NULL,
  `bank_status` char(1) NOT NULL DEFAULT '1',
  `bank_hapus` char(1) NOT NULL DEFAULT '0',
  `created_at` timestamp NOT NULL DEFAULT CURRENT_TIMESTAMP,
  `updated_at` timestamp NOT NULL DEFAULT CURRENT_TIMESTAMP ON UPDATE CURRENT_TIMESTAMP
) ENGINE=InnoDB DEFAULT CHARSET=latin1;

--
-- Dumping data for table `tb_bank`
--

INSERT INTO `tb_bank` (`bank_id`, `bank_kategori`, `bank_an`, `bank_rek`, `bank_akun`, `bank_status`, `bank_hapus`, `created_at`, `updated_at`) VALUES
(1, 1, 'PT. Encartha Indonesia', '021.272727.8', '', '1', '0', '2017-10-23 13:49:21', '2017-10-23 13:49:21'),
(2, 2, 'PT. Encartha Indonesia', '1.311.005.835', '', '1', '0', '2017-10-23 13:49:21', '2017-10-23 13:49:21'),
(3, 3, 'PT. Encartha Indonesia', '1.130.006.924.884', '', '1', '0', '2017-10-23 13:49:21', '2017-10-23 13:49:21');

-- --------------------------------------------------------

--
-- Table structure for table `tb_bank_kategori`
--

CREATE TABLE `tb_bank_kategori` (
  `bank_kategori_id` int(10) NOT NULL,
  `bank_kategori_nama` varchar(50) NOT NULL,
  `bank_kategori_status` char(1) NOT NULL DEFAULT '1',
  `bank_kategori_hapus` char(1) NOT NULL DEFAULT '0',
  `created_at` timestamp NOT NULL DEFAULT CURRENT_TIMESTAMP,
  `updated_at` timestamp NOT NULL DEFAULT CURRENT_TIMESTAMP ON UPDATE CURRENT_TIMESTAMP
) ENGINE=InnoDB DEFAULT CHARSET=latin1;

--
-- Dumping data for table `tb_bank_kategori`
--

INSERT INTO `tb_bank_kategori` (`bank_kategori_id`, `bank_kategori_nama`, `bank_kategori_status`, `bank_kategori_hapus`, `created_at`, `updated_at`) VALUES
(1, 'BCA', '1', '0', '2017-10-23 13:47:19', '2017-10-23 13:47:19'),
(2, 'PERMATA', '1', '0', '2017-10-23 13:47:19', '2017-10-23 13:47:19'),
(3, 'MANDIRI', '1', '0', '2017-10-23 13:47:27', '2017-10-23 13:48:19'),
(4, 'BNI', '1', '0', '2017-11-14 11:25:16', '2017-11-14 11:25:16'),
(5, 'BRI', '1', '0', '2017-11-14 11:25:22', '2017-11-14 11:25:22');

-- --------------------------------------------------------

--
-- Table structure for table `tb_config`
--

CREATE TABLE `tb_config` (
  `config_name` varchar(50) NOT NULL,
  `config_value` text NOT NULL,
  `config_ket` text NOT NULL
) ENGINE=InnoDB DEFAULT CHARSET=latin1;

-- --------------------------------------------------------

--
-- Table structure for table `tb_diskon`
--

CREATE TABLE `tb_diskon` (
  `diskon_tahun` int(4) NOT NULL,
  `diskon_bulan` int(2) NOT NULL,
  `diskon_variant` int(11) NOT NULL,
  `diskon_nominal` bigint(20) DEFAULT '0',
  `created_at` timestamp NOT NULL DEFAULT CURRENT_TIMESTAMP,
  `updated_at` timestamp NOT NULL DEFAULT CURRENT_TIMESTAMP ON UPDATE CURRENT_TIMESTAMP
) ENGINE=InnoDB DEFAULT CHARSET=latin1;

-- --------------------------------------------------------

--
-- Table structure for table `tb_divisi`
--

CREATE TABLE `tb_divisi` (
  `divisi_id` int(11) NOT NULL,
  `divisi_nama` varchar(50) DEFAULT NULL,
  `divisi_status` char(1) DEFAULT '1',
  `divisi_hapus` char(1) DEFAULT '0',
  `created_at` timestamp NOT NULL DEFAULT CURRENT_TIMESTAMP,
  `updated_at` timestamp NOT NULL DEFAULT CURRENT_TIMESTAMP ON UPDATE CURRENT_TIMESTAMP
) ENGINE=InnoDB DEFAULT CHARSET=latin1;

-- --------------------------------------------------------

--
-- Table structure for table `tb_grade`
--

CREATE TABLE `tb_grade` (
  `grade_id` int(11) NOT NULL,
  `grade_nama` varchar(50) NOT NULL,
  `grade_target` int(3) DEFAULT '0',
  `grade_ket` text,
  `grade_status` char(1) DEFAULT '1',
  `grade_hapus` char(1) DEFAULT '0',
  `created_at` timestamp NOT NULL DEFAULT CURRENT_TIMESTAMP,
  `updated_at` timestamp NOT NULL DEFAULT CURRENT_TIMESTAMP ON UPDATE CURRENT_TIMESTAMP
) ENGINE=InnoDB DEFAULT CHARSET=latin1;

--
-- Dumping data for table `tb_grade`
--

INSERT INTO `tb_grade` (`grade_id`, `grade_nama`, `grade_target`, `grade_ket`, `grade_status`, `grade_hapus`, `created_at`, `updated_at`) VALUES
(1, 'S1', 3, NULL, '1', '0', '2017-10-13 08:47:42', '2017-10-13 08:47:42'),
(2, 'S2', 5, NULL, '1', '0', '2017-10-13 08:47:42', '2017-10-13 08:47:42');

-- --------------------------------------------------------

--
-- Table structure for table `tb_group_fitur`
--

CREATE TABLE `tb_group_fitur` (
  `fitur_group` int(11) NOT NULL,
  `fitur_modul` int(11) NOT NULL,
  `fitur_rw` char(1) DEFAULT '0',
  `fitur_r` char(1) DEFAULT '0',
  `created_at` timestamp NOT NULL DEFAULT CURRENT_TIMESTAMP,
  `updated_at` timestamp NOT NULL DEFAULT CURRENT_TIMESTAMP ON UPDATE CURRENT_TIMESTAMP
) ENGINE=InnoDB DEFAULT CHARSET=latin1;

-- --------------------------------------------------------

--
-- Table structure for table `tb_group_level`
--

CREATE TABLE `tb_group_level` (
  `group_id` int(11) NOT NULL,
  `group_divisi` int(11) DEFAULT NULL,
  `group_nama` varchar(50) DEFAULT NULL,
  `group_status` char(1) DEFAULT '1',
  `group_hapus` char(1) DEFAULT '0',
  `created_at` timestamp NOT NULL DEFAULT CURRENT_TIMESTAMP,
  `updated_at` timestamp NOT NULL DEFAULT CURRENT_TIMESTAMP ON UPDATE CURRENT_TIMESTAMP
) ENGINE=InnoDB DEFAULT CHARSET=latin1;

-- --------------------------------------------------------

--
-- Table structure for table `tb_gudang`
--

CREATE TABLE `tb_gudang` (
  `gudang_id` int(10) NOT NULL,
  `gudang_nama` varchar(50) NOT NULL,
  `gudang_alamat` text,
  `gudang_kota` varchar(50) NOT NULL,
  `gudang_status` char(1) NOT NULL DEFAULT '1',
  `gudang_hapus` char(1) NOT NULL DEFAULT '0',
  `created_at` timestamp NOT NULL DEFAULT CURRENT_TIMESTAMP,
  `updated_at` timestamp NOT NULL DEFAULT CURRENT_TIMESTAMP ON UPDATE CURRENT_TIMESTAMP
) ENGINE=InnoDB DEFAULT CHARSET=latin1;

--
-- Dumping data for table `tb_gudang`
--

INSERT INTO `tb_gudang` (`gudang_id`, `gudang_nama`, `gudang_alamat`, `gudang_kota`, `gudang_status`, `gudang_hapus`, `created_at`, `updated_at`) VALUES
(1, 'Encharta Palembang', 'Jl. Angkatan 45, Demang Lebar Daun, Ilir Bar. I, Kota Palembang, Sumatera Selatan 30151', 'Palembang', '1', '0', '2017-11-14 05:35:38', '2017-12-24 08:38:20'),
(2, 'Daihatsu Jakarta', 'Jl. Sukarjo Wiryopranoto No.73, RW.1, Maphar, Tamansari, Kota Jakarta Barat, Daerah Khusus Ibukota Jakarta 11160', 'Jakarta Barat', '1', '0', '2017-12-24 08:37:24', '2017-12-24 08:39:06');

-- --------------------------------------------------------

--
-- Table structure for table `tb_jabatan`
--

CREATE TABLE `tb_jabatan` (
  `jabatan_id` int(11) NOT NULL,
  `jabatan_nama` varchar(100) DEFAULT NULL,
  `jabatan_status` char(1) DEFAULT '1',
  `jabatan_hapus` char(1) DEFAULT '0',
  `created_at` timestamp NOT NULL DEFAULT CURRENT_TIMESTAMP,
  `updated_at` timestamp NOT NULL DEFAULT CURRENT_TIMESTAMP ON UPDATE CURRENT_TIMESTAMP
) ENGINE=InnoDB DEFAULT CHARSET=latin1;

--
-- Dumping data for table `tb_jabatan`
--

INSERT INTO `tb_jabatan` (`jabatan_id`, `jabatan_nama`, `jabatan_status`, `jabatan_hapus`, `created_at`, `updated_at`) VALUES
(1, 'Salesman', '1', '0', '2017-10-19 06:59:30', '2017-11-14 04:56:15'),
(2, 'Supervisor', '1', '0', '2017-11-14 04:57:00', '2017-11-14 12:30:41'),
(3, 'Kepala Cabang', '1', '0', '2017-11-14 12:30:46', '2017-11-14 12:30:46');

-- --------------------------------------------------------

--
-- Table structure for table `tb_karyawan`
--

CREATE TABLE `tb_karyawan` (
  `karyawan_id` varchar(10) NOT NULL,
  `karyawan_kerja` date DEFAULT NULL,
  `karyawan_nama` varchar(50) NOT NULL,
  `karyawan_identitas` varchar(20) DEFAULT NULL,
  `karyawan_jenis` char(1) DEFAULT '0',
  `karyawan_jabatan` int(11) DEFAULT NULL,
  `karyawan_lahir` date DEFAULT NULL,
  `karyawan_alamat` text,
  `karyawan_telp` varchar(15) DEFAULT NULL,
  `karyawan_email` varchar(50) DEFAULT NULL,
  `karyawan_bank` varchar(50) DEFAULT NULL,
  `karyawan_rek` varchar(50) DEFAULT NULL,
  `karyawan_an` varchar(100) DEFAULT NULL,
  `karyawan_npwp` varchar(30) DEFAULT NULL,
  `karyawan_status` char(1) DEFAULT '1',
  `karyawan_hapus` char(1) DEFAULT '0',
  `created_at` timestamp NOT NULL DEFAULT CURRENT_TIMESTAMP,
  `updated_at` timestamp NOT NULL DEFAULT CURRENT_TIMESTAMP ON UPDATE CURRENT_TIMESTAMP
) ENGINE=InnoDB DEFAULT CHARSET=latin1;

--
-- Dumping data for table `tb_karyawan`
--

INSERT INTO `tb_karyawan` (`karyawan_id`, `karyawan_kerja`, `karyawan_nama`, `karyawan_identitas`, `karyawan_jenis`, `karyawan_jabatan`, `karyawan_lahir`, `karyawan_alamat`, `karyawan_telp`, `karyawan_email`, `karyawan_bank`, `karyawan_rek`, `karyawan_an`, `karyawan_npwp`, `karyawan_status`, `karyawan_hapus`, `created_at`, `updated_at`) VALUES
('K001', '2017-11-01', 'Mgs Deny Ramadhan', '123456789', '0', 1, '1993-03-19', 'Jl. Prajurit KMS. Ali RT. 29 RW. 10 No. 3030 Sekojo, Palembang', '082374188145', 'deny.phl.dr@gmail.com', '1', NULL, 'Mgs Deny Ramadhan', NULL, '1', '0', '2017-10-19 07:00:08', '2017-11-14 10:47:46'),
('K002', '2017-11-02', 'Deny SPV', '123456789', '0', 2, '1993-03-19', NULL, '082374188145', 'deny.ksi19@gmail.com', NULL, NULL, NULL, NULL, '1', '0', '2017-10-19 00:00:08', '2017-11-14 12:23:06'),
('K003', '2017-11-01', 'Harry Purmanta Siagian', '32424234324234', '0', 1, '1989-05-01', NULL, NULL, NULL, NULL, NULL, NULL, NULL, '1', '0', '2017-11-01 01:39:47', '2017-11-14 12:23:10');

-- --------------------------------------------------------

--
-- Table structure for table `tb_kend_beli`
--

CREATE TABLE `tb_kend_beli` (
  `kend_beli_dh` varchar(20) NOT NULL,
  `kend_beli_faktur` varchar(15) DEFAULT NULL,
  `kend_beli_tgl` date DEFAULT NULL,
  `kend_beli_tgltempo` date DEFAULT NULL,
  `kend_beli_variant` varchar(50) NOT NULL,
  `kend_beli_warna` int(11) NOT NULL,
  `kend_beli_rangka` varchar(30) DEFAULT NULL,
  `kend_beli_mesin` varchar(30) DEFAULT NULL,
  `kend_beli_tahun` int(4) DEFAULT NULL,
  `kend_beli_harga` bigint(20) DEFAULT '0',
  `kend_beli_diskon` bigint(20) DEFAULT '0',
  `kend_beli_pbm` bigint(20) DEFAULT '0',
  `kend_beli_interest` bigint(20) DEFAULT '0',
  `kend_beli_automatch` char(1) DEFAULT '1',
  `kend_beli_ekspedisi` varchar(6) DEFAULT NULL,
  `kend_beli_lokasi` int(11) DEFAULT NULL,
  `created_at` timestamp NOT NULL DEFAULT CURRENT_TIMESTAMP,
  `updated_at` timestamp NOT NULL DEFAULT CURRENT_TIMESTAMP ON UPDATE CURRENT_TIMESTAMP
) ENGINE=InnoDB DEFAULT CHARSET=latin1;

--
-- Dumping data for table `tb_kend_beli`
--

INSERT INTO `tb_kend_beli` (`kend_beli_dh`, `kend_beli_faktur`, `kend_beli_tgl`, `kend_beli_tgltempo`, `kend_beli_variant`, `kend_beli_warna`, `kend_beli_rangka`, `kend_beli_mesin`, `kend_beli_tahun`, `kend_beli_harga`, `kend_beli_diskon`, `kend_beli_pbm`, `kend_beli_interest`, `kend_beli_automatch`, `kend_beli_ekspedisi`, `kend_beli_lokasi`, `created_at`, `updated_at`) VALUES
('20170002', '5751545017', '2017-08-02', '2017-08-28', 'F653MR-X', 12, 'MHKV5EA1JHK027808', '1NRF315734', 2017, 130058454, 10118685, 8787000, 1027776, '1', 'EKS001', 1, '2017-12-24 07:10:20', '2017-12-24 07:25:56'),
('20170004', '5751545018', '2017-08-02', '2017-08-28', 'F653MD-R', 15, 'MHKV5EA2JHK025967', '1NRF315144', 2017, 133422018, 32694740, 9059800, 876558, '1', NULL, 1, '2017-12-24 07:10:20', '2017-12-24 16:18:30'),
('20170005', '5751545020', '2017-08-02', '2017-08-28', 'B401RS-GMZFJD', 3, 'MHKS6GJ6JHJ026153', '3NRH158515', 2017, 113554546, 6581365, 0, 854092, '1', NULL, 2, '2017-12-24 07:10:20', '2017-12-24 16:18:13'),
('20170006', '5751545019', '2017-08-02', '2017-08-28', 'B401RS-GMZFJ', 15, 'MHKS6GJ6JHJ026183', '3NRH158451', 2017, 110100000, 24411425, 0, 684152, '1', NULL, NULL, '2017-12-24 07:10:20', '2017-12-24 07:10:20'),
('20170007', '5751545021', '2017-08-02', '2017-08-28', 'B401RS-GMZFJD', 3, 'MHKS6GJ6JHJ026143', '3NRH158637', 2017, 113554546, 6581365, 0, 854092, '1', 'EKS001', 2, '2017-12-24 07:10:20', '2017-12-24 16:19:17'),
('20170008', '5751545238', '2017-08-02', '2017-08-28', 'B401RS-GMZFJ', 3, 'MHKS6GJ6JHJ026214', '3NRH158808', 2017, 110100000, 6373624, 0, 828169, '1', NULL, NULL, '2017-12-24 07:10:21', '2017-12-24 07:10:21'),
('20170009', '5751545239', '2017-08-02', '2017-08-28', 'B401RS-GMZFJ', 11, 'MHKS6GJ6JHJ026215', '3NRH158685', 2017, 110100000, 6373624, 0, 828169, '1', NULL, NULL, '2017-12-24 07:10:21', '2017-12-24 07:10:21'),
('20170010', '5751545240', '2017-08-02', '2017-08-28', 'F653MR-X', 11, 'MHKV5EA1JHK027793', '1NRF315611', 2017, 130058454, 10118685, 8787000, 1027776, '1', NULL, NULL, '2017-12-24 07:10:21', '2017-12-24 07:10:21'),
('20170011', '5751545241', '2017-08-02', '2017-08-28', 'GMRV-ZMDEJJ-HJFH', 15, 'MHKV3BA3JHK046975', 'K3MH03693', 2017, 101889109, 9430473, 7001800, 794109, '1', NULL, NULL, '2017-12-24 07:10:21', '2017-12-24 07:10:21'),
('20170012', '5751544978', '2017-08-03', '2017-08-29', 'F653MR-X', 17, 'MHKV5EA1JHK027852', '1NRF314784', 2017, 130058454, 10118685, 8787000, 1027776, '1', NULL, NULL, '2017-12-24 07:10:21', '2017-12-24 07:10:21'),
('20170013', '5751544979', '2017-08-03', '2017-08-29', 'GMRP-PMRFJJ-KJFH', 11, 'MHKP3CA1JHK145445', '3SZDGH5973', 2017, 94686364, 16082135, 0, 627589, '1', NULL, NULL, '2017-12-24 07:10:21', '2017-12-24 07:10:21'),
('20170014', '5751545426', '2017-08-03', '2017-08-29', 'F700RGGMRFJE', 3, 'MHKG2CJ1JHK037019', '3SZDGH5800', 2017, 143829482, 30526007, 9508700, 980553, '1', NULL, NULL, '2017-12-24 07:10:21', '2017-12-24 07:10:21'),
('20170015', '5751545427', '2017-08-03', '2017-08-29', 'GMRP-PMRFJJ-KJFH', 13, 'MHKP3CA1JHK145454', '3SZDGH6225', 2017, 94686364, 7965125, 0, 692397, '1', NULL, NULL, '2017-12-24 07:10:21', '2017-12-24 07:10:21'),
('20170016', '5751545429', '2017-08-03', '2017-08-29', 'B401RS-GMZFJD', 10, 'MHKS6GJ6JHJ026351', '3NRH159536', 2017, 113554546, 6581365, 0, 854092, '1', NULL, NULL, '2017-12-24 07:10:21', '2017-12-24 07:10:21'),
('20170017', '5751545428', '2017-08-03', '2017-08-29', 'GMRV-ZMGEJJ-HPFH', 13, 'MHKV3BA6JHK010093', 'K3MH03644', 2017, 106670909, 9470077, 7220000, 833713, '1', NULL, NULL, '2017-12-24 07:10:21', '2017-12-24 07:10:21'),
('20170018', '5751545430', '2017-08-03', '2017-08-29', 'B401RS-GMZFJD', 11, 'MHKS6GJ6JHJ026349', '3NRH159518', 2017, 113554546, 6581365, 0, 854092, '1', NULL, NULL, '2017-12-24 07:10:21', '2017-12-24 07:10:21'),
('20170019', '5751545431', '2017-08-03', '2017-08-29', 'B401RS-GMZFJD', 10, 'MHKS6GJ6JHJ026345', '3NRH159529', 2017, 113554546, 6581365, 0, 854092, '1', NULL, NULL, '2017-12-24 07:10:21', '2017-12-24 07:10:21'),
('20170020', '5751545433', '2017-08-03', '2017-08-29', 'B401RS-GMZFJD', 14, 'MHKS6GJ6JHJ026336', '3NRH159485', 2017, 113554546, 6581365, 0, 854092, '1', NULL, NULL, '2017-12-24 07:10:22', '2017-12-24 07:10:22'),
('20170021', '5751545432', '2017-08-03', '2017-08-29', 'B401RS-GMZFJD', 11, 'MHKS6GJ6JHJ026338', '3NRH159508', 2017, 113554546, 6581365, 0, 854092, '1', NULL, NULL, '2017-12-24 07:10:22', '2017-12-24 07:10:22'),
('20170022', '5751545434', '2017-08-03', '2017-08-29', 'B401RS-GMZFJD', 3, 'MHKS6GJ6JHJ026309', '3NRH159311', 2017, 113554546, 6581365, 0, 854092, '1', NULL, NULL, '2017-12-24 07:10:22', '2017-12-24 07:10:22'),
('20170023', '5751545435', '2017-08-03', '2017-08-29', 'B401RS-GMZFJD', 3, 'MHKS6GJ6JHJ026254', '3NRH159197', 2017, 113554546, 6581365, 0, 854092, '1', NULL, NULL, '2017-12-24 07:10:22', '2017-12-24 07:10:22'),
('20170024', '5751545436', '2017-08-03', '2017-08-29', 'B401RS-GMZFJD', 14, 'MHKS6GJ6JHJ026247', '3NRH159613', 2017, 113554546, 6581365, 0, 854092, '1', NULL, NULL, '2017-12-24 07:10:22', '2017-12-24 07:10:22'),
('20170025', '5751545437', '2017-08-03', '2017-08-29', 'B401RS-GMQFJD', 3, 'MHKS6GJ3JHJ010583', '3NRH159873', 2017, 110100000, 6373624, 0, 828169, '1', NULL, NULL, '2017-12-24 07:10:22', '2017-12-24 07:10:22'),
('20170026', '5751545438', '2017-08-03', '2017-08-29', 'B401RS-GMQFJD', 14, 'MHKS6GJ3JHJ010581', '3NRH159802', 2017, 110100000, 6373624, 0, 828169, '1', NULL, NULL, '2017-12-24 07:10:22', '2017-12-24 07:10:22'),
('20170027', '5751545439', '2017-08-03', '2017-08-29', 'B401RS-GMQFJD', 11, 'MHKS6GJ3JHJ010580', '3NRH159402', 2017, 110100000, 6373624, 0, 828169, '1', NULL, NULL, '2017-12-24 07:10:22', '2017-12-24 07:10:22'),
('20170028', '5751545441', '2017-08-03', '2017-08-29', 'B401RS-GMQFJD', 10, 'MHKS6GJ3JHJ010577', '3NRH159664', 2017, 110100000, 6373624, 0, 828169, '1', NULL, NULL, '2017-12-24 07:10:22', '2017-12-24 07:10:22'),
('20170029', '5751545440', '2017-08-03', '2017-08-29', 'B401RS-GMQFJD', 15, 'MHKS6GJ3JHJ010578', '3NRH159672', 2017, 110100000, 6373624, 0, 828169, '1', NULL, NULL, '2017-12-24 07:10:22', '2017-12-24 07:10:22'),
('20170030', '5751545442', '2017-08-03', '2017-08-29', 'B401RS-GMQFJD', 14, 'MHKS6GJ3JHJ010576', '3NRH159719', 2017, 110100000, 6373624, 0, 828169, '1', NULL, NULL, '2017-12-24 07:10:22', '2017-12-24 07:10:22'),
('20170031', '5751545443', '2017-08-03', '2017-08-29', 'B401RS-GMQFJD', 3, 'MHKS6GJ3JHJ010575', '3NRH159634', 2017, 110100000, 6373624, 0, 828169, '1', NULL, NULL, '2017-12-24 07:10:22', '2017-12-24 07:10:22'),
('20170032', '5751545445', '2017-08-03', '2017-08-29', 'B401RS-GMQFJ', 14, 'MHKS6GJ3JHJ010562', '3NRH159488', 2017, 105100000, 6153641, 0, 790004, '1', NULL, NULL, '2017-12-24 07:10:23', '2017-12-24 07:10:23'),
('20170033', '5751545444', '2017-08-03', '2017-08-29', 'B401RS-GMQFJD', 15, 'MHKS6GJ3JHJ010573', '3NRH159625', 2017, 110100000, 6373624, 0, 828169, '1', NULL, NULL, '2017-12-24 07:10:23', '2017-12-24 07:10:23'),
('20170034', '5751545669', '2017-08-04', '2017-08-30', 'B401RS-GMQFJ', 3, 'MHKS6GJ3JHJ010521', '3NRH158669', 2017, 105100000, 6153641, 0, 790004, '1', NULL, NULL, '2017-12-24 07:10:23', '2017-12-24 07:10:23'),
('20170035', '5751545670', '2017-08-04', '2017-08-30', 'B401RS-GMQFJ', 14, 'MHKS6GJ3JHJ010523', '3NRH158890', 2017, 105100000, 6153641, 0, 790004, '1', NULL, NULL, '2017-12-24 07:10:23', '2017-12-24 07:10:23'),
('20170036', '5751545671', '2017-08-04', '2017-08-30', 'B401RS-GMQFJ', 11, 'MHKS6GJ3JHJ010524', '3NRH158843', 2017, 105100000, 6153641, 0, 790004, '1', NULL, NULL, '2017-12-24 07:10:23', '2017-12-24 07:10:23'),
('20170037', '5751545672', '2017-08-04', '2017-08-30', 'B401RS-GMQFJ', 14, 'MHKS6GJ3JHJ010527', '3NRH158944', 2017, 105100000, 6153641, 0, 790004, '1', NULL, NULL, '2017-12-24 07:10:23', '2017-12-24 07:10:23'),
('20170038', '5751545673', '2017-08-04', '2017-08-30', 'B401RS-GMQFJ', 3, 'MHKS6GJ3JHJ010529', '3NRH158827', 2017, 105100000, 6153641, 0, 790004, '1', NULL, NULL, '2017-12-24 07:10:23', '2017-12-24 07:10:23'),
('20170039', '5751545674', '2017-08-04', '2017-08-30', 'B401RS-GMQFJ', 10, 'MHKS6GJ3JHJ010531', '3NRH158820', 2017, 105100000, 6153641, 0, 790004, '1', NULL, NULL, '2017-12-24 07:10:23', '2017-12-24 07:10:23'),
('20170040', '5751545675', '2017-08-04', '2017-08-30', 'AYLA-GMQFJ-EKD', 3, 'MHKS4DA3JHJ072764', '1KRA415488', 2017, 97554546, 17908634, 0, 635906, '1', NULL, NULL, '2017-12-24 07:10:23', '2017-12-24 07:10:23'),
('20170041', '5751545676', '2017-08-04', '2017-08-30', 'B401RS-GMQFJD', 11, 'MHKS6GJ3JHJ010535', '3NRH158707', 2017, 110100000, 6373624, 0, 828169, '1', NULL, NULL, '2017-12-24 07:10:23', '2017-12-24 07:10:23'),
('20170042', '5751545678', '2017-08-04', '2017-08-30', 'B401RS-GMZFJ', 10, 'MHKS6GJ6JHJ026295', '3NRH159243', 2017, 110100000, 6373624, 0, 828169, '1', NULL, NULL, '2017-12-24 07:10:23', '2017-12-24 07:10:23'),
('20170043', '5751545677', '2017-08-04', '2017-08-30', 'B401RS-GMZFJ', 15, 'MHKS6GJ6JHJ026742', '3NRH159002', 2017, 110100000, 6373624, 0, 828169, '1', NULL, NULL, '2017-12-24 07:10:23', '2017-12-24 07:10:23'),
('20170044', '5751545679', '2017-08-04', '2017-08-30', 'B401RS-GMQFJ', 15, 'MHKS6GJ3JHJ010541', '3NRH159146', 2017, 105100000, 6153641, 0, 790004, '1', NULL, NULL, '2017-12-24 07:10:24', '2017-12-24 07:10:24'),
('20170045', '5751545680', '2017-08-04', '2017-08-30', 'B401RS-GMZFJ', 15, 'MHKS6GJ6JHJ026744', '3NRH159029', 2017, 110100000, 6373624, 0, 828169, '1', NULL, NULL, '2017-12-24 07:10:24', '2017-12-24 07:10:24'),
('20170046', '5751545681', '2017-08-04', '2017-08-30', 'B401RS-GMZFJD', 11, 'MHKS6GJ6JHJ026298', '3NRH159200', 2017, 113554546, 6581365, 0, 854092, '1', NULL, NULL, '2017-12-24 07:10:24', '2017-12-24 07:10:24'),
('20170047', '5751545682', '2017-08-04', '2017-08-30', 'B401RS-GMQFJD', 3, 'MHKS6GJ3JHJ010579', '3NRH159649', 2017, 110100000, 6373624, 0, 828169, '1', NULL, NULL, '2017-12-24 07:10:24', '2017-12-24 07:10:24'),
('20170048', '5751545683', '2017-08-04', '2017-08-30', 'B401RS-GMZFJ', 10, 'MHKS6GJ6JHJ026226', '3NRH158699', 2017, 110100000, 6373624, 0, 828169, '1', NULL, NULL, '2017-12-24 07:10:24', '2017-12-24 07:10:24'),
('20170049', '5751545685', '2017-08-04', '2017-08-30', 'B401RS-GMZFJ', 11, 'MHKS6GJ6JHJ026217', '3NRH158660', 2017, 110100000, 6373624, 0, 828169, '1', NULL, NULL, '2017-12-24 07:10:24', '2017-12-24 07:10:24'),
('20170050', '5751545684', '2017-08-04', '2017-08-30', 'B401RS-GMZFJ', 14, 'MHKS6GJ6JHJ026225', '3NRH158701', 2017, 110100000, 6373624, 0, 828169, '1', NULL, NULL, '2017-12-24 07:10:24', '2017-12-24 07:10:24'),
('20170051', '5751545686', '2017-08-04', '2017-08-30', 'B401RS-GMZFJ', 3, 'MHKS6GJ6JHJ026218', '3NRH158686', 2017, 110100000, 6373624, 0, 828169, '1', NULL, NULL, '2017-12-24 07:10:24', '2017-12-24 07:10:24'),
('20170052', '5751545687', '2017-08-04', '2017-08-30', 'B401RS-GMZFJ', 10, 'MHKS6GJ6JHJ026220', '3NRH158689', 2017, 110100000, 6373624, 0, 828169, '1', NULL, NULL, '2017-12-24 07:10:24', '2017-12-24 07:10:24'),
('20170053', '5751545688', '2017-08-04', '2017-08-30', 'B401RS-GMQFJ', 15, 'MHKS6GJ3JHJ010520', '3NRH158926', 2017, 105100000, 6153641, 0, 790004, '1', NULL, NULL, '2017-12-24 07:10:24', '2017-12-24 07:10:24'),
('20170054', '5751545689', '2017-08-04', '2017-08-30', 'B401RS-GMZFJD', 11, 'MHKS6GJ6JHJ026243', '3NRH158966', 2017, 113554546, 6581365, 0, 854092, '1', NULL, NULL, '2017-12-24 07:10:24', '2017-12-24 07:10:24'),
('20170055', '5751545691', '2017-08-04', '2017-08-30', 'GMRP-PMREJJ-HAFH', 11, 'MHKP3BA1JHK131804', 'K3MH03899', 2017, 84595455, 7885195, 0, 612468, '1', NULL, NULL, '2017-12-24 07:10:25', '2017-12-24 07:10:25'),
('20170056', '5751545690', '2017-08-04', '2017-08-30', 'B401RS-GMQFJ', 3, 'MHKS6GJ3JHJ010517', '3NRH158976', 2017, 105100000, 6153641, 0, 790004, '1', NULL, NULL, '2017-12-24 07:10:25', '2017-12-24 07:10:25'),
('20170057', '5751545692', '2017-08-04', '2017-08-30', 'B401RS-GMZFJD', 15, 'MHKS6GJ6JHJ026787', '3NRH159591', 2017, 113554546, 6581365, 0, 854092, '1', NULL, NULL, '2017-12-24 07:10:25', '2017-12-24 07:10:25'),
('20170058', '5751545693', '2017-08-04', '2017-08-30', 'B401RS-GMQFJ', 11, 'MHKS6GJ3JHJ010514', '3NRH158932', 2017, 105100000, 6153641, 0, 790004, '1', NULL, NULL, '2017-12-24 07:10:25', '2017-12-24 07:10:25'),
('20170059', '5751545694', '2017-08-04', '2017-08-30', 'B401RS-GMZFJD', 3, 'MHKS6GJ6JHJ026263', '3NRH158979', 2017, 113554546, 6581365, 0, 854092, '1', NULL, NULL, '2017-12-24 07:10:25', '2017-12-24 07:10:25'),
('20170060', '5751545695', '2017-08-04', '2017-08-30', 'AYLA-GQSGJ-DX', 8, 'MHKS4GB5JHJ001301', '3NRH158549', 2017, 117781819, 7967684, 0, 876774, '1', NULL, NULL, '2017-12-24 07:10:25', '2017-12-24 07:10:25'),
('20170061', '5751545696', '2017-08-04', '2017-08-30', 'GMRP-PMREJJ-HAFH', 15, 'MHKP3BA1JHK131807', 'K3MH03945', 2017, 84595455, 7885195, 0, 612468, '1', NULL, NULL, '2017-12-24 07:10:25', '2017-12-24 07:10:25'),
('20170062', '5751545697', '2017-08-04', '2017-08-30', 'GMRV-ZMGEJJ-HPFH', 3, 'MHKV3BA6JHK010103', 'K3MH03888', 2017, 106670909, 9470077, 7220000, 833713, '1', NULL, NULL, '2017-12-24 07:10:25', '2017-12-24 07:10:25'),
('20170063', '5751545698', '2017-08-04', '2017-08-30', 'B401RS-GMZFJ', 14, 'MHKS6GJ6JHJ026230', '3NRH158887', 2017, 110100000, 6373624, 0, 828169, '1', NULL, NULL, '2017-12-24 07:10:25', '2017-12-24 07:10:25'),
('20170064', '5751545699', '2017-08-04', '2017-08-30', 'B401RS-GMZFJD', 14, 'MHKS6GJ6JHJ026260', '3NRH158996', 2017, 113554546, 6581365, 0, 854092, '1', NULL, NULL, '2017-12-24 07:10:25', '2017-12-24 07:10:25'),
('20170065', '5751546059', '2017-08-04', '2017-08-30', 'GMRV-BMREJJ-HEFH', 15, 'MHKB3BA1JHK045043', 'K3MH03875', 2017, 92300000, 8397167, 0, 669894, '1', NULL, NULL, '2017-12-24 07:10:25', '2017-12-24 07:10:25'),
('20170066', '5751546060', '2017-08-04', '2017-08-30', 'GMRP-PMRFJJ-KJFH', 15, 'MHKP3CA1JHK145503', '3SZDGH6095', 2017, 94686364, 7965125, 0, 692397, '1', NULL, NULL, '2017-12-24 07:10:26', '2017-12-24 07:10:26'),
('20170067', '5751546061', '2017-08-04', '2017-08-30', 'F653MD-R', 17, 'MHKV5EA2JHK026031', '1NRF316118', 2017, 133422018, 10147488, 9059800, 1056579, '1', NULL, NULL, '2017-12-24 07:10:26', '2017-12-24 07:10:26'),
('20170068', '5751546062', '2017-08-04', '2017-08-30', 'B400RS-GMDEJ', 10, 'MHKS6DJ2JHJ006166', '1KRA415446', 2017, 95872727, 5629607, 0, 720516, '1', NULL, NULL, '2017-12-24 07:10:26', '2017-12-24 07:10:26'),
('20170069', '5751546063', '2017-08-04', '2017-08-30', 'AYLA-GMSGJ-DVD', 11, 'MHKS4GA5JHJ002699', '3NRH159978', 2017, 113327273, 7842210, 0, 842210, '1', NULL, NULL, '2017-12-24 07:10:26', '2017-12-24 07:10:26'),
('20170070', '5751546064', '2017-08-04', '2017-08-30', 'F653MR-X', 4, 'MHKV5EA1JHK023905', '1NRF279633', 2017, 130058354, 10118685, 8787100, 1027776, '1', NULL, NULL, '2017-12-24 07:10:26', '2017-12-24 07:10:26'),
('20170071', '5751546065', '2017-08-04', '2017-08-30', 'GMRP-TMRFJJ-KPFH', 15, 'MHKT3CA1JHK020122', '3SZDGH6153', 2017, 88413636, 7915438, 0, 642711, '1', NULL, NULL, '2017-12-24 07:10:26', '2017-12-24 07:10:26'),
('20170072', '5751546066', '2017-08-04', '2017-08-30', 'F653MR-X', 4, 'MHKV5EA1JHK022689', '1NRF265819', 2017, 129969854, 10118685, 8875600, 1027776, '1', NULL, NULL, '2017-12-24 07:10:26', '2017-12-24 07:10:26'),
('20170073', '5751546067', '2017-08-04', '2017-08-30', 'F653MD-R', 17, 'MHKV5EA2JHK026037', '1NRF316250', 2017, 133422018, 10147488, 9059800, 1056579, '1', NULL, NULL, '2017-12-24 07:10:26', '2017-12-24 07:10:26'),
('20170074', '5751546068', '2017-08-04', '2017-08-30', 'GMRV-ZMDFJJ-MUFH', 3, 'MHKV3CA3JHK018744', '3SZDGH6290', 2017, 115503645, 9544245, 7750900, 907882, '1', NULL, NULL, '2017-12-24 07:10:26', '2017-12-24 07:10:26'),
('20170075', '5751546069', '2017-08-04', '2017-08-30', 'GMRP-PMRFJJ-KJFH', 11, 'MHKP3CA1JHK145525', '3SZDGH6267', 2017, 94686364, 7965125, 0, 692397, '1', NULL, NULL, '2017-12-24 07:10:26', '2017-12-24 07:10:26'),
('20170076', '5751546452', '2017-08-07', '2017-09-02', 'AYLA-GMDFJ-EG', 14, 'MHKS4DA2JHJ030845', '1KRA411803', 2017, 83781818, 3369300, 0, 642027, '1', NULL, NULL, '2017-12-24 07:10:26', '2017-12-24 07:10:26'),
('20170077', '5751546453', '2017-08-07', '2017-09-02', 'F653MR-X', 3, 'MHKV5EA1JHK027965', '1NRF316798', 2017, 130058454, 10118685, 8787000, 1027776, '1', NULL, NULL, '2017-12-24 07:10:26', '2017-12-24 07:10:26'),
('20170078', '5751546454', '2017-08-07', '2017-09-02', 'F653MR-X', 3, 'MHKV5EA1JHK027961', '1NRF316797', 2017, 130058454, 10118685, 8787000, 1027776, '1', NULL, NULL, '2017-12-24 07:10:26', '2017-12-24 07:10:26'),
('20170079', '5751546455', '2017-08-07', '2017-09-02', 'GMRP-PMREJJ-HAFH', 11, 'MHKP3BA1JHK131821', 'K3MH03994', 2017, 84595455, 7885195, 0, 612468, '1', NULL, NULL, '2017-12-24 07:10:27', '2017-12-24 07:10:27'),
('20170080', '5751546456', '2017-08-07', '2017-09-02', 'F653MR-X', 3, 'MHKV5EA1JHK027958', '1NRF316534', 2017, 130058454, 10118685, 8787000, 1027776, '1', NULL, NULL, '2017-12-24 07:10:27', '2017-12-24 07:10:27'),
('20170081', '5751546458', '2017-08-07', '2017-09-02', 'F653MR-X', 3, 'MHKV5EA1JHK027950', '1NRF316557', 2017, 130058454, 10118685, 8787000, 1027776, '1', NULL, NULL, '2017-12-24 07:10:27', '2017-12-24 07:10:27'),
('20170082', '5751546457', '2017-08-07', '2017-09-02', 'F653MR-X', 3, 'MHKV5EA1JHK027953', '1NRF316487', 2017, 130058454, 10118685, 8787000, 1027776, '1', NULL, NULL, '2017-12-24 07:10:27', '2017-12-24 07:10:27'),
('20170083', '5751546574', '2017-08-07', '2017-09-02', 'F653MR-X', 15, 'MHKV5EA1JHK027994', '1NRF317185', 2017, 130058454, 10118685, 8787000, 1027776, '1', NULL, NULL, '2017-12-24 07:10:27', '2017-12-24 07:10:27'),
('20170084', '5751546180', '2017-08-08', '2017-09-03', 'F700RGGMRFJE', 15, 'MHKG2CJ1JHK037004', '3SZDGH5313', 2017, 143829481, 15193876, 9508700, 1102967, '1', NULL, NULL, '2017-12-24 07:10:27', '2017-12-24 07:10:27'),
('20170085', '5751546181', '2017-08-08', '2017-09-03', 'GMRP-TMREJJ-HCFH', 13, 'MHKT3BA1JHK040723', 'K3MH04156', 2017, 84595455, 7885195, 0, 612468, '1', NULL, NULL, '2017-12-24 07:10:27', '2017-12-24 07:10:27'),
('20170086', '5751546182', '2017-08-08', '2017-09-03', 'F700RGGMRFJE', 15, 'MHKG2CJ1JHK037001', '3SZDGH5187', 2017, 143829482, 7527811, 9508700, 1164174, '1', NULL, NULL, '2017-12-24 07:10:27', '2017-12-24 07:10:27'),
('20170087', '5751546183', '2017-08-08', '2017-09-03', 'GMRP-PMRFJJ-KJFH', 15, 'MHKP3CA1JHK145688', '3SZDGH6712', 2017, 94686364, 7965125, 0, 692397, '1', NULL, NULL, '2017-12-24 07:10:27', '2017-12-24 07:10:27'),
('20170088', '5751546184', '2017-08-08', '2017-09-03', 'GMRP-PMREJJ-HAFH', 13, 'MHKP3BA1JHK131875', 'K3MH04110', 2017, 84595455, 7885195, 0, 612468, '1', NULL, NULL, '2017-12-24 07:10:27', '2017-12-24 07:10:27'),
('20170089', '5751546185', '2017-08-08', '2017-09-03', 'F653MR-X', 15, 'MHKV5EA1JHK027987', '1NRF317106', 2017, 130058454, 29960266, 8787000, 869357, '1', NULL, NULL, '2017-12-24 07:10:27', '2017-12-24 07:10:27'),
('20170090', '5751546849', '2017-08-08', '2017-09-03', 'F653MR-X', 17, 'MHKV5EA1JHK027876', '1NRF316014', 2017, 130058454, 10118685, 8787000, 1027776, '1', NULL, NULL, '2017-12-24 07:10:27', '2017-12-24 07:10:27'),
('20170091', '5751546848', '2017-08-08', '2017-09-03', 'F653MR-X', 17, 'MHKV5EA1JHK027879', '1NRF316184', 2017, 130058454, 10118685, 8787000, 1027776, '1', NULL, NULL, '2017-12-24 07:10:28', '2017-12-24 07:10:28'),
('20170092', '5751546847', '2017-08-08', '2017-09-03', 'F653MR-X', 17, 'MHKV5EA1JHK027892', '1NRF316330', 2017, 130058454, 10118685, 8787000, 1027776, '1', NULL, NULL, '2017-12-24 07:10:28', '2017-12-24 07:10:28'),
('20170093', '5751546845', '2017-08-08', '2017-09-03', 'F653MR-X', 17, 'MHKV5EA1JHK027895', '1NRF315049', 2017, 130058454, 10118685, 8787000, 1027776, '1', NULL, NULL, '2017-12-24 07:10:28', '2017-12-24 07:10:28'),
('20170094', '5751546846', '2017-08-08', '2017-09-03', 'F653MD-R-SPT', 17, 'MHKV5EA2JHK026153', '1NRF317081', 2017, 153694746, 11660903, 9059800, 1206357, '1', NULL, NULL, '2017-12-24 07:10:28', '2017-12-24 07:10:28'),
('20170095', '5751547070', '2017-08-09', '2017-09-04', 'B401RS-GMZFJD', 11, 'MHKS6GJ6JHJ026476', '3NRH160219', 2017, 113554545, 16953100, 0, 771282, '1', NULL, NULL, '2017-12-24 07:10:28', '2017-12-24 07:10:28'),
('20170096', '5751547071', '2017-08-09', '2017-09-04', 'B401RS-GMZFJD', 10, 'MHKS6GJ6JHJ026566', '3NRH160657', 2017, 113554546, 6581365, 0, 854092, '1', NULL, NULL, '2017-12-24 07:10:28', '2017-12-24 07:10:28'),
('20170097', '5751547072', '2017-08-09', '2017-09-04', 'AYLA-GMDFJ-EG', 3, 'MHKS4DA2JHJ029929', '1KRA402174', 2017, 83781818, 3369300, 0, 642027, '1', NULL, NULL, '2017-12-24 07:10:28', '2017-12-24 07:10:28'),
('20170098', '5751547073', '2017-08-09', '2017-09-04', 'F653MR-X', 17, 'MHKV5EA1JHK028035', '1NRF317716', 2017, 130058454, 10118685, 8787000, 1027776, '1', NULL, NULL, '2017-12-24 07:10:28', '2017-12-24 07:10:28'),
('20170099', '5751547075', '2017-08-09', '2017-09-04', 'AYLA-GQQFJ-EP', 3, 'MHKS4DB3JHJ026629', '1KRA414297', 2017, 98463637, 4387484, 0, 751120, '1', NULL, NULL, '2017-12-24 07:10:28', '2017-12-24 07:10:28'),
('20170100', '5751547074', '2017-08-09', '2017-09-04', 'AYLA-GMSGJ-DV', 8, 'MHKS4GA5JHJ002684', '3NRH159570', 2017, 109690909, 7407556, 0, 816647, '1', NULL, NULL, '2017-12-24 07:10:28', '2017-12-24 07:10:28'),
('20170101', '5751547076', '2017-08-09', '2017-09-04', 'B401RS-GQZFJD', 10, 'MHKS6GK6JHJ007271', '3NRH161465', 2017, 124009091, 7115119, 0, 933301, '1', NULL, NULL, '2017-12-24 07:10:28', '2017-12-24 07:10:28'),
('20170102', '5751547077', '2017-08-09', '2017-09-04', 'M602RS-AT', 6, 'PM2M602S2H2011120', 'T40B24L', 2017, 121007092, 6439974, 8855636, 985428, '1', NULL, NULL, '2017-12-24 07:10:29', '2017-12-24 07:10:29'),
('20170103', '5751547366', '2017-08-09', '2017-09-04', 'B400RS-GMDEJ', 10, 'MHKS6DJ2JHJ006301', '1KRA416058', 2017, 95872727, 5629607, 0, 720516, '1', NULL, NULL, '2017-12-24 07:10:29', '2017-12-24 07:10:29'),
('20170104', '5751547367', '2017-08-09', '2017-09-04', 'F653MD-R-SPT', 3, 'MHKV5EA2JHK026247', '1NRF318270', 2017, 153694746, 11660903, 9059800, 1206357, '1', NULL, NULL, '2017-12-24 07:10:29', '2017-12-24 07:10:29'),
('20170105', '5751547650', '2017-08-10', '2017-09-05', 'GMRP-TMRFJJ-KPFH', 11, 'MHKT3CA1JHK020139', '3SZDGH7268', 2017, 88413636, 7915438, 0, 642711, '1', NULL, NULL, '2017-12-24 07:10:29', '2017-12-24 07:10:29'),
('20170106', '5751547651', '2017-08-10', '2017-09-05', 'B401RS-GMZFJD', 15, 'MHKS6GJ6JHJ026936', '3NRH162160', 2017, 113554546, 6581365, 0, 854092, '1', NULL, NULL, '2017-12-24 07:10:29', '2017-12-24 07:10:29'),
('20170107', '5751547652', '2017-08-10', '2017-09-05', 'B401RS-GMZFJD', 14, 'MHKS6GJ6JHJ027051', '3NRH162606', 2017, 113554546, 6581365, 0, 854092, '1', NULL, NULL, '2017-12-24 07:10:29', '2017-12-24 07:10:29'),
('20170108', '5751547653', '2017-08-10', '2017-09-05', 'B400RS-GMDEJ', 14, 'MHKS6DJ2JHJ006355', '1KRA416335', 2017, 95872727, 5629607, 0, 720516, '1', NULL, NULL, '2017-12-24 07:10:29', '2017-12-24 07:10:29'),
('20170109', '5751547655', '2017-08-10', '2017-09-05', 'GMRP-PMRFJJ-KJFH', 13, 'MHKP3CA1JHK145801', '3SZDGH7168', 2017, 94686364, 7965125, 0, 692397, '1', NULL, NULL, '2017-12-24 07:10:29', '2017-12-24 07:10:29'),
('20170110', '5751547654', '2017-08-10', '2017-09-05', 'GMRP-PMRFJJ-KGFH', 3, 'MHKP3CA1JHK145809', '3SZDGH7270', 2017, 88413636, 7915438, 0, 642711, '1', NULL, NULL, '2017-12-24 07:10:29', '2017-12-24 07:10:29'),
('20170111', '5751547656', '2017-08-10', '2017-09-05', 'F653MR-X', 3, 'MHKV5EA1JHK028188', '1NRF318614', 2017, 130058454, 10118685, 8787000, 1027776, '1', NULL, NULL, '2017-12-24 07:10:29', '2017-12-24 07:10:29'),
('20170112', '5751545972', '2017-08-10', '2017-09-05', 'GMRP-PMREJJ-HAFH', 13, 'MHKP3BA1JHK131961', 'K3MH04346', 2017, 84595455, 7885195, 0, 612468, '1', NULL, NULL, '2017-12-24 07:10:30', '2017-12-24 07:10:30'),
('20170113', '5751545973', '2017-08-10', '2017-09-05', 'AYLA-GMRGJ-DU', 8, 'MHKS4GA4JHJ001021', '3NRH162798', 2017, 103690909, 7134558, 0, 770922, '1', NULL, NULL, '2017-12-24 07:10:30', '2017-12-24 07:10:30'),
('20170114', '5751545974', '2017-08-10', '2017-09-05', 'GMRP-TMRFJJ-KPFH', 11, 'MHKT3CA1JHK020145', '3SZDGH7189', 2017, 88413636, 7915438, 0, 642711, '1', NULL, NULL, '2017-12-24 07:10:30', '2017-12-24 07:10:30'),
('20170115', '5751548085', '2017-08-11', '2017-09-06', 'F653MR-X', 15, 'MHKV5EA1JHK028207', '1NRF318766', 2017, 130058454, 10118685, 8787000, 1027776, '1', NULL, NULL, '2017-12-24 07:10:30', '2017-12-24 07:10:30'),
('20170116', '5751548086', '2017-08-11', '2017-09-06', 'F653MR-X', 3, 'MHKV5EA1JHK028224', '1NRF318840', 2017, 130058454, 10118685, 8787000, 1027776, '1', NULL, NULL, '2017-12-24 07:10:30', '2017-12-24 07:10:30'),
('20170117', '5751548087', '2017-08-11', '2017-09-06', 'F653MR-X', 3, 'MHKV5EA1JHK028227', '1NRF319058', 2017, 130058454, 10118685, 8787000, 1027776, '1', NULL, NULL, '2017-12-24 07:10:30', '2017-12-24 07:10:30'),
('20170118', '5751548088', '2017-08-11', '2017-09-06', 'F653MR-X', 3, 'MHKV5EA1JHK028231', '1NRF317984', 2017, 130058454, 10118685, 8787000, 1027776, '1', NULL, NULL, '2017-12-24 07:10:30', '2017-12-24 07:10:30'),
('20170119', '5751548089', '2017-08-11', '2017-09-06', 'GMRV-ZMGEJJ-HPFH', 11, 'MHKV3BA6JHK010133', 'K3MH04394', 2017, 106670909, 9470077, 7220000, 833713, '1', NULL, NULL, '2017-12-24 07:10:30', '2017-12-24 07:10:30'),
('20170120', '5751545015', '2017-08-02', '2017-08-28', 'B401RS-GMZFJD', 15, 'MHKS6GJ6JHJ026197', '3NRH158793', 2017, 113554546, 6581365, 0, 854092, '1', NULL, NULL, '2017-12-24 16:06:06', '2017-12-24 16:06:06'),
('20170121', '5751545016', '2017-08-02', '2017-08-28', 'F653MD-R', 17, 'MHKV5EA2JHK025824', '1NRF313872', 2017, 133422018, 32694740, 9059800, 876558, '1', NULL, NULL, '2017-12-24 16:06:06', '2017-12-24 16:06:06');

-- --------------------------------------------------------

--
-- Table structure for table `tb_kend_gudang`
--

CREATE TABLE `tb_kend_gudang` (
  `kend_gudang_beli` varchar(20) NOT NULL,
  `kend_gudang_lokasi` int(11) DEFAULT NULL,
  `kend_gudang_masuk` date DEFAULT NULL,
  `kend_gudang_keluar` date DEFAULT NULL,
  `kend_gudang_ket` text,
  `kend_gudang_tujuan` text,
  `kend_gudang_user` varchar(30) DEFAULT NULL,
  `created_at` timestamp NOT NULL DEFAULT CURRENT_TIMESTAMP,
  `updated_at` timestamp NOT NULL DEFAULT CURRENT_TIMESTAMP ON UPDATE CURRENT_TIMESTAMP
) ENGINE=InnoDB DEFAULT CHARSET=latin1;

--
-- Dumping data for table `tb_kend_gudang`
--

INSERT INTO `tb_kend_gudang` (`kend_gudang_beli`, `kend_gudang_lokasi`, `kend_gudang_masuk`, `kend_gudang_keluar`, `kend_gudang_ket`, `kend_gudang_tujuan`, `kend_gudang_user`, `created_at`, `updated_at`) VALUES
('20170002', 1, '2017-08-02', '2017-12-22', NULL, '2', NULL, '2017-12-24 08:46:11', '2017-12-24 08:46:11');

-- --------------------------------------------------------

--
-- Table structure for table `tb_kend_onhand`
--

CREATE TABLE `tb_kend_onhand` (
  `kend_onhand_rrn` varchar(100) NOT NULL,
  `kend_onhand_rangka` varchar(100) NOT NULL,
  `kend_onhand_mesin` varchar(100) NOT NULL,
  `kend_onhand_warna` varchar(100) NOT NULL,
  `kend_onhand_tglrec` date NOT NULL,
  `kend_onhand_tgldo` date NOT NULL,
  `created_at` timestamp NOT NULL DEFAULT CURRENT_TIMESTAMP,
  `updated_at` timestamp NOT NULL DEFAULT CURRENT_TIMESTAMP ON UPDATE CURRENT_TIMESTAMP
) ENGINE=InnoDB DEFAULT CHARSET=latin1;

--
-- Dumping data for table `tb_kend_onhand`
--

INSERT INTO `tb_kend_onhand` (`kend_onhand_rrn`, `kend_onhand_rangka`, `kend_onhand_mesin`, `kend_onhand_warna`, `kend_onhand_tglrec`, `kend_onhand_tgldo`, `created_at`, `updated_at`) VALUES
('A22017H0000043', 'MHKV3BA3JHK046975', 'K3MH03693', 'WHITE DSO', '2017-08-02', '2017-08-02', '2017-12-24 07:10:18', '2017-12-24 07:10:18'),
('A22017H0000075', 'MHKV3CA3JHK018735', '3SZDGH5822', 'CLASSIC SILVER DSO', '2017-09-06', '2017-08-02', '2017-12-24 07:10:18', '2017-12-24 07:10:18'),
('A22017H0004330', 'MHKP3BA1JHK132583', 'K3MH05824', 'WHITE DSO', '2017-09-11', '2017-08-31', '2017-12-24 07:10:15', '2017-12-24 07:10:15'),
('A22017H0004550', 'MHKP3BA1JHK132614', 'K3MH05811', 'WHITE DSO', '2017-09-11', '2017-09-05', '2017-12-24 07:10:15', '2017-12-24 07:10:15'),
('A22017J0001148', 'MHKP3CA1JHK147992', '3SZDGJ3519', 'CLASSIC SILVER DSO', '2017-09-18', '2017-09-13', '2017-12-24 07:10:16', '2017-12-24 07:10:16'),
('A22017J0001261', 'MHKT3CA1JHK020271', '3SZDGJ3575', 'ULTRA BLACK DSO', '2017-09-18', '2017-09-13', '2017-12-24 07:10:18', '2017-12-24 07:10:18'),
('A22017J0001847', 'MHKV3BA3JHK047439', 'K3MH06754', 'WHITE DSO', '2017-09-18', '2017-09-16', '2017-12-24 07:10:18', '2017-12-24 07:10:18'),
('A22017J0001889', 'MHKP3CA1JHK148260', '3SZDGJ4688', 'WHITE DSO', '2017-09-22', '2017-09-15', '2017-12-24 07:10:16', '2017-12-24 07:10:16'),
('A22017J0002297', 'MHKV3BA3JHK047484', 'K3MH06956', 'WHITE DSO', '2017-10-04', '2017-09-19', '2017-12-24 07:10:18', '2017-12-24 07:10:18'),
('A22017J0002367', 'MHKT3CA1JHK020310', '3SZDGJ5201', 'ULTRA BLACK DSO', '2017-09-20', '2017-09-20', '2017-12-24 07:10:18', '2017-12-24 07:10:18'),
('A22017J0002375', 'MHKP3BA1JHK133019', 'K3MH07039', 'CLASSIC SILVER DSO', '2017-09-20', '2017-09-20', '2017-12-24 07:10:15', '2017-12-24 07:10:15'),
('A22017J0002461', 'MHKV3BA3JHK047490', 'K3MH06968', 'WHITE DSO', '2017-10-04', '2017-09-19', '2017-12-24 07:10:18', '2017-12-24 07:10:18'),
('A22017J0002520', 'MHKP3CA1JHK148539', '3SZDGJ5332', 'ULTRA BLACK DSO', '2017-09-22', '2017-09-19', '2017-12-24 07:10:16', '2017-12-24 07:10:16'),
('A22017J0002776', 'MHKP3CA1JHK148659', '3SZDGJ5500', 'ULTRA BLACK DSO', '2017-09-22', '2017-09-20', '2017-12-24 07:10:16', '2017-12-24 07:10:16'),
('A22017J0003267', 'MHKP3CA1JHK148872', '3SZDGJ6185', 'CLASSIC SILVER DSO', '2017-09-27', '2017-09-23', '2017-12-24 07:10:16', '2017-12-24 07:10:16'),
('A22017J0003449', 'MHKW3CA3JHK019295', '3SZDGJ7667', 'WHITE DSO', '2017-09-29', '2017-09-28', '2017-12-24 07:10:18', '2017-12-24 07:10:18'),
('A22017J0003965', 'MHKP3CA1JHK149209', '3SZDGJ6952', 'ROCK GREY METALLIC DSO', '2017-09-28', '2017-09-26', '2017-12-24 07:10:17', '2017-12-24 07:10:17'),
('A22017K0000024', 'MHKP3BA1JHK133428', 'K3MH08108', 'WHITE DSO', '2017-10-03', '2017-10-02', '2017-12-24 07:10:15', '2017-12-24 07:10:15'),
('A22017K0000044', 'MHKP3BA1JHK133433', 'K3MH08132', 'ULTRA BLACK DSO', '2017-10-03', '2017-10-02', '2017-12-24 07:10:16', '2017-12-24 07:10:16'),
('A22017K0000107', 'MHKV3BA3JHK047720', 'K3MH08098', 'WHITE DSO', '2017-10-03', '2017-10-02', '2017-12-24 07:10:18', '2017-12-24 07:10:18'),
('A22017K0000151', 'MHKP3CA1JHK149764', '3SZDGJ8080', 'WHITE DSO', '2017-10-03', '2017-10-02', '2017-12-24 07:10:16', '2017-12-24 07:10:16'),
('A22017K0000168', 'MHKP3CA1JHK149732', '3SZDGJ8327', 'CLASSIC SILVER DSO', '2017-10-03', '2017-10-01', '2017-12-24 07:10:17', '2017-12-24 07:10:17'),
('A22017K0000169', 'MHKP3CA1JHK149741', '3SZDGJ8213', 'CLASSIC SILVER DSO', '2017-10-03', '2017-10-01', '2017-12-24 07:10:17', '2017-12-24 07:10:17'),
('A22017K0000182', 'MHKP3CA1JHK149722', '3SZDGJ8326', 'ROCK GREY METALLIC DSO', '2017-10-03', '2017-10-01', '2017-12-24 07:10:17', '2017-12-24 07:10:17'),
('A22017K0000183', 'MHKP3CA1JHK149730', '3SZDGJ8353', 'ROCK GREY METALLIC DSO', '2017-10-03', '2017-10-02', '2017-12-24 07:10:17', '2017-12-24 07:10:17'),
('A22017K0000196', 'MHKP3CA1JHK149805', '3SZDGJ8448', 'ROCK GREY METALLIC DSO', '2017-10-03', '2017-10-02', '2017-12-24 07:10:17', '2017-12-24 07:10:17'),
('A22017K0000208', 'MHKP3CA1JHK149743', '3SZDGJ8215', 'WHITE DSO', '2017-10-03', '2017-10-01', '2017-12-24 07:10:17', '2017-12-24 07:10:17'),
('A22017K0000235', 'MHKP3CA1JHK149742', '3SZDGJ8224', 'ULTRA BLACK DSO', '2017-10-03', '2017-10-01', '2017-12-24 07:10:17', '2017-12-24 07:10:17'),
('A22017K0000237', 'MHKP3CA1JHK149748', '3SZDGJ8348', 'ULTRA BLACK DSO', '2017-10-03', '2017-10-02', '2017-12-24 07:10:17', '2017-12-24 07:10:17'),
('A22017K0000238', 'MHKP3CA1JHK149751', '3SZDGJ8335', 'ULTRA BLACK DSO', '2017-10-03', '2017-10-02', '2017-12-24 07:10:17', '2017-12-24 07:10:17'),
('A22017K0000344', 'MHKT3BA1JHK041128', 'K3MH07615', 'ULTRA BLACK DSO', '2017-10-04', '2017-10-03', '2017-12-24 07:10:17', '2017-12-24 07:10:17'),
('B22017F0000004', 'MHKG2CJ2JHK117747', '3SZDGG3916', 'CLASSIC SILVER DSO', '2017-06-13', '2017-06-02', '2017-12-24 07:10:14', '2017-12-24 07:10:14'),
('B22017F0000241', 'MHKG2CJ2JHK117873', '3SZDGG4402', 'CLASSIC SILVER DSO', '2017-06-13', '2017-06-08', '2017-12-24 07:10:14', '2017-12-24 07:10:14'),
('B22017F0000974', 'MHKG2CJ2JHK118281', '3SZDGG8999', 'SCARLET RED METALLIC DSO', '2017-09-12', '2017-06-20', '2017-12-24 07:10:14', '2017-12-24 07:10:14'),
('B22017H0000116', 'MHKG2CJ1JHK037038', '3SZDGH7070', 'SCARLET RED METALLIC DSO', '2017-09-22', '2017-08-08', '2017-12-24 07:10:15', '2017-12-24 07:10:15'),
('B22017H0000130', 'MHKG2CJ1JHK037043', '3SZDGH7345', 'SCARLET RED METALLIC DSO', '2017-09-22', '2017-08-09', '2017-12-24 07:10:15', '2017-12-24 07:10:15'),
('B22017H0000253', 'MHKG2CJ2JHK118753', '3SZDGH8778', 'SCARLET RED METALLIC DSO', '2017-08-22', '2017-08-16', '2017-12-24 07:10:15', '2017-12-24 07:10:15'),
('B22017J0000029', 'MHKG2CJ2JHK118898', '3SZDGJ2488', 'CLASSIC SILVER DSO', '2017-09-08', '2017-09-07', '2017-12-24 07:10:14', '2017-12-24 07:10:14'),
('B22017J0000129', 'MHKG2CJ2JHK118960', '3SZDGJ3924', 'CLASSIC SILVER DSO', '2017-09-22', '2017-09-13', '2017-12-24 07:10:14', '2017-12-24 07:10:14'),
('B22017J0000456', 'MHKG2CJ2JHK119154', '3SZDGJ7783', 'SCARLET RED METALLIC DSO', '2017-09-29', '2017-09-28', '2017-12-24 07:10:14', '2017-12-24 07:10:14'),
('B22017J0000457', 'MHKG2CJ2JHK119163', '3SZDGJ7733', 'SCARLET RED METALLIC DSO', '2017-09-30', '2017-09-29', '2017-12-24 07:10:14', '2017-12-24 07:10:14'),
('B22017K0000005', 'MHKG2CJ2JHK119190', '3SZDGJ8389', 'SCARLET RED METALLIC DSO', '2017-10-04', '2017-10-02', '2017-12-24 07:10:15', '2017-12-24 07:10:15'),
('C22017F0001841', 'MHKV5EA2JHK025138', '1NRF309607', 'CLASSIC SILVER DSO', '2017-07-24', '2017-07-17', '2017-12-24 07:10:11', '2017-12-24 07:10:11'),
('C22017F0001846', 'MHKV5EA2JHK025161', '1NRF309636', 'CLASSIC SILVER DSO', '2017-07-24', '2017-07-17', '2017-12-24 07:10:11', '2017-12-24 07:10:11'),
('C22017G0002273', 'MHKV5EA2JHK025824', '1NRF313872', 'BLACK METALIC DSO', '2017-08-02', '2017-07-28', '2017-12-24 07:10:11', '2017-12-24 07:10:11'),
('C22017H0001103', 'MHKV5EA2JHK026452', '1NRF319748', 'ROCK GREY METALLIC DSO', '2017-08-15', '2017-08-14', '2017-12-24 07:10:11', '2017-12-24 07:10:11'),
('C22017H0001173', 'MHKV5EA2JHK026458', '1NRF320412', 'WHITE DSO', '2017-08-15', '2017-08-14', '2017-12-24 07:10:11', '2017-12-24 07:10:11'),
('C22017H0001291', 'MHKV5EA2JHK026552', '1NRF320680', 'ROCK GREY METALLIC DSO', '2017-08-16', '2017-08-16', '2017-12-24 07:10:11', '2017-12-24 07:10:11'),
('C22017H0001987', 'MHKV5EA2JHK026823', '1NRF323744', 'DARK BROWN METALLIC DSO', '2017-08-24', '2017-08-24', '2017-12-24 07:10:11', '2017-12-24 07:10:11'),
('C22017H0001988', 'MHKV5EA2JHK026830', '1NRF323795', 'DARK BROWN METALLIC DSO', '2017-08-24', '2017-08-24', '2017-12-24 07:10:11', '2017-12-24 07:10:11'),
('C22017H0001989', 'MHKV5EA2JHK026838', '1NRF323621', 'DARK BROWN METALLIC DSO', '2017-08-25', '2017-08-24', '2017-12-24 07:10:11', '2017-12-24 07:10:11'),
('C22017H0002114', 'MHKV5EA2JHK026893', '1NRF324062', 'DARK BROWN METALLIC DSO', '2017-08-25', '2017-08-24', '2017-12-24 07:10:11', '2017-12-24 07:10:11'),
('C22017J0000357', 'MHKV5EA1JHK029681', '1NRF328129', 'CLASSIC SILVER DSO', '2017-09-11', '2017-09-08', '2017-12-24 07:10:12', '2017-12-24 07:10:12'),
('C22017J0000636', 'MHKV5EA1JHK029778', '1NRF329064', 'CLASSIC SILVER DSO', '2017-09-12', '2017-09-11', '2017-12-24 07:10:12', '2017-12-24 07:10:12'),
('C22017J0000637', 'MHKV5EA1JHK029783', '1NRF329058', 'CLASSIC SILVER DSO', '2017-09-12', '2017-09-11', '2017-12-24 07:10:12', '2017-12-24 07:10:12'),
('C22017J0000805', 'MHKV5EA1JHK029896', '1NRF329994', 'SCARLET RED METALLIC DSO', '2017-09-14', '2017-09-13', '2017-12-24 07:10:12', '2017-12-24 07:10:12'),
('C22017J0000880', 'MHKV5EA2JHK027588', '1NRF330345', 'SCARLET RED METALLIC DSO', '2017-09-15', '2017-09-14', '2017-12-24 07:10:12', '2017-12-24 07:10:12'),
('C22017J0001119', 'MHKV5EA1JHK030001', '1NRF330752', 'BLACK METALIC DSO', '2017-09-18', '2017-09-15', '2017-12-24 07:10:12', '2017-12-24 07:10:12'),
('C22017J0001397', 'MHKV5EA1JHK030106', '1NRF331423', 'BLACK METALIC DSO', '2017-09-19', '2017-09-18', '2017-12-24 07:10:12', '2017-12-24 07:10:12'),
('C22017J0001407', 'MHKV5EA1JHK030140', '1NRF332337', 'BLACK METALIC DSO', '2017-09-20', '2017-09-19', '2017-12-24 07:10:12', '2017-12-24 07:10:12'),
('C22017J0001559', 'MHKV5EA1JHK030193', '1NRF332447', 'CLASSIC SILVER DSO', '2017-09-20', '2017-09-19', '2017-12-24 07:10:12', '2017-12-24 07:10:12'),
('C22017J0001560', 'MHKV5EA1JHK030199', '1NRF332437', 'CLASSIC SILVER DSO', '2017-09-20', '2017-09-19', '2017-12-24 07:10:13', '2017-12-24 07:10:13'),
('C22017J0001562', 'MHKV5EA1JHK030208', '1NRF332826', 'CLASSIC SILVER DSO', '2017-09-20', '2017-09-19', '2017-12-24 07:10:13', '2017-12-24 07:10:13'),
('C22017J0001745', 'MHKV5EA1JHK030313', '1NRF333594', 'WHITE DSO', '2017-09-25', '2017-09-22', '2017-12-24 07:10:13', '2017-12-24 07:10:13'),
('C22017J0002371', 'MHKV5EA1JHK030571', '1NRF336021', 'DARK BROWN METALLIC DSO', '2017-09-28', '2017-09-27', '2017-12-24 07:10:13', '2017-12-24 07:10:13'),
('C22017J0002372', 'MHKV5EA1JHK030578', '1NRF335799', 'DARK BROWN METALLIC DSO', '2017-09-28', '2017-09-27', '2017-12-24 07:10:13', '2017-12-24 07:10:13'),
('C22017J0002375', 'MHKV5EA1JHK030598', '1NRF336222', 'DARK BROWN METALLIC DSO', '2017-09-29', '2017-09-28', '2017-12-24 07:10:13', '2017-12-24 07:10:13'),
('C22017J0002511', 'MHKV5EA1JHK030606', '1NRF336295', 'DARK BROWN METALLIC DSO', '2017-09-28', '2017-09-27', '2017-12-24 07:10:13', '2017-12-24 07:10:13'),
('C22017J0002936', 'MHKV5EA2JHK028543', '1NRF337396', 'WHITE DSO', '2017-09-30', '2017-09-29', '2017-12-24 07:10:12', '2017-12-24 07:10:12'),
('C22017J0002937', 'MHKV5EA2JHK028544', '1NRF337389', 'WHITE DSO', '2017-09-30', '2017-09-29', '2017-12-24 07:10:12', '2017-12-24 07:10:12'),
('C22017J0003017', 'MHKV5EA1JHK030874', '1NRF337328', 'ROCK GREY METALLIC DSO', '2017-10-03', '2017-09-29', '2017-12-24 07:10:14', '2017-12-24 07:10:14'),
('C22017J0003104', 'MHKV5EA1JHK030898', '1NRF337212', 'WHITE DSO', '2017-10-03', '2017-09-30', '2017-12-24 07:10:14', '2017-12-24 07:10:14'),
('C22017K0000014', 'MHKV5EA2JHK028664', '1NRF337852', 'CLASSIC SILVER DSO', '2017-10-03', '2017-10-02', '2017-12-24 07:10:12', '2017-12-24 07:10:12'),
('G12017G0000464', 'MHKS4GA5JHJ002030', '3NRH148157', 'ROCK GREY METALLIC DSO', '2017-07-12', '2017-07-08', '2017-12-24 07:10:10', '2017-12-24 07:10:10'),
('G12017G0000853', 'MHKS4GA5JHJ002173', '3NRH149994', 'WHITE DSO', '2017-07-14', '2017-07-13', '2017-12-24 07:10:10', '2017-12-24 07:10:10'),
('G12017G0001097', 'MHKS4GB5JHJ001119', '3NRH150756', 'CLASSIC SILVER DSO', '2017-07-19', '2017-07-14', '2017-12-24 07:10:10', '2017-12-24 07:10:10'),
('G12017G0001732', 'MHKS4GA5JHJ002520', '3NRH156407', 'ORANGE METALLIC DSO', '2017-07-31', '2017-07-26', '2017-12-24 07:10:10', '2017-12-24 07:10:10'),
('G12017G0001945', 'MHKS4DA3JHJ072753', '1KRA415297', 'ULTRA BLACK SOLID DSO', '2017-09-26', '2017-07-28', '2017-12-24 07:10:09', '2017-12-24 07:10:09'),
('G12017H0001039', 'MHKS4DA3JHJ072785', '1KRA417226', 'ROCK GREY METALLIC DSO', '2017-09-26', '2017-08-23', '2017-12-24 07:10:09', '2017-12-24 07:10:09'),
('G12017J0000107', 'MHKS4GB5JHJ001664', '3NRH174810', 'ULTRA BLACK SOLID DSO', '2017-09-08', '2017-09-06', '2017-12-24 07:10:10', '2017-12-24 07:10:10'),
('G12017J0000332', 'MHKS4DB3JHJ026796', '1KRA418141', 'RED SOLID DSO', '2017-09-12', '2017-09-09', '2017-12-24 07:10:10', '2017-12-24 07:10:10'),
('G12017J0000347', 'MHKS4GA4JHJ001133', '3NRH177257', 'ULTRA BLACK SOLID DSO', '2017-09-14', '2017-09-12', '2017-12-24 07:10:09', '2017-12-24 07:10:09'),
('G12017J0000723', 'MHKS4DA3JHJ072810', '1KRA419185', 'CLASSIC SILVER DSO', '2017-09-22', '2017-09-13', '2017-12-24 07:10:09', '2017-12-24 07:10:09'),
('G12017J0001120', 'MHKS4DA1JHJ012971', '1KRA419923', 'ULTRA BLACK SOLID DSO', '2017-09-20', '2017-09-18', '2017-12-24 07:10:09', '2017-12-24 07:10:09'),
('G12017J0001270', 'MHKS4GB4JHJ000528', '3NRH180898', 'ORANGE METALLIC DSO', '2017-09-25', '2017-09-21', '2017-12-24 07:10:10', '2017-12-24 07:10:10'),
('G12017J0002200', 'MHKS4DA3JHJ072836', '1KRA421310', 'WHITE DSO', '2017-09-29', '2017-09-28', '2017-12-24 07:10:09', '2017-12-24 07:10:09'),
('G12017K0000024', 'MHKS4DA2JHJ030921', '1KRA421767', 'WHITE DSO', '2017-10-04', '2017-10-02', '2017-12-24 07:10:08', '2017-12-24 07:10:08'),
('G12017K0000040', 'MHKS4DA3JHJ072852', '1KRA421855', 'WHITE DSO', '2017-10-03', '2017-10-02', '2017-12-24 07:10:09', '2017-12-24 07:10:09'),
('J12017H0000343', 'MHKS6GJ3JHJ010581', '3NRH159802', 'ULTRA BLACK SOLID DSO', '2017-08-03', '2017-08-02', '2017-12-24 07:10:10', '2017-12-24 07:10:10'),
('J12017J0000604', 'MHKS6GK6JHJ007961', '3NRH176019', 'CLASSIC SILVER DSO', '2017-09-15', '2017-09-08', '2017-12-24 07:10:10', '2017-12-24 07:10:10'),
('J12017J0000751', 'MHKS6GJ6JHJ029417', '3NRH176854', 'RED SOLID DSO', '2017-09-22', '2017-09-12', '2017-12-24 07:10:10', '2017-12-24 07:10:10'),
('J12017J0000808', 'MHKS6GK6JHJ007984', '3NRH176588', 'CLASSIC SILVER DSO', '2017-09-22', '2017-09-11', '2017-12-24 07:10:10', '2017-12-24 07:10:10'),
('J12017J0001213', 'MHKS6GK6JHJ008050', '3NRH178099', 'CLASSIC SILVER DSO', '2017-09-22', '2017-09-14', '2017-12-24 07:10:11', '2017-12-24 07:10:11'),
('J12017J0001893', 'MHKS6GJ6JHJ029953', '3NRH180553', 'WHITE DSO', '2017-09-22', '2017-09-20', '2017-12-24 07:10:10', '2017-12-24 07:10:10'),
('J12017J0002135', 'MHKS6GK6JHJ008163', '3NRH181198', 'WHITE DSO', '2017-09-25', '2017-09-22', '2017-12-24 07:10:11', '2017-12-24 07:10:11'),
('J12017J0002607', 'MHKS6GJ6JHJ030301', '3NRH182608', 'WHITE DSO', '2017-09-27', '2017-09-26', '2017-12-24 07:10:10', '2017-12-24 07:10:10'),
('J12017K0000047', 'MHKS6DJ2JHJ007342', '1KRA421962', 'RED SOLID DSO', '2017-10-04', '2017-10-03', '2017-12-24 07:10:10', '2017-12-24 07:10:10'),
('J12017K0000115', 'MHKS6GJ6JHJ030726', '3NRH185382', 'CLASSIC SILVER DSO', '2017-10-04', '2017-10-03', '2017-12-24 07:10:10', '2017-12-24 07:10:10'),
('J12017K0000136', 'MHKS6GJ6JHJ030740', '3NRH185227', 'ROCK GREY METALLIC DSO', '2017-10-04', '2017-10-03', '2017-12-24 07:10:10', '2017-12-24 07:10:10');

-- --------------------------------------------------------

--
-- Table structure for table `tb_kend_retur`
--

CREATE TABLE `tb_kend_retur` (
  `kend_retur_dh` int(11) NOT NULL,
  `kend_retur_tgl` date NOT NULL,
  `kend_retur_ket` text NOT NULL,
  `created_at` timestamp NOT NULL DEFAULT CURRENT_TIMESTAMP,
  `updated_at` timestamp NOT NULL DEFAULT CURRENT_TIMESTAMP ON UPDATE CURRENT_TIMESTAMP
) ENGINE=InnoDB DEFAULT CHARSET=latin1;

--
-- Dumping data for table `tb_kend_retur`
--

INSERT INTO `tb_kend_retur` (`kend_retur_dh`, `kend_retur_tgl`, `kend_retur_ket`, `created_at`, `updated_at`) VALUES
(20170002, '2017-11-30', 'Rusak di perjalanan.', '2017-12-24 15:50:14', '2017-12-24 15:50:14');

-- --------------------------------------------------------

--
-- Table structure for table `tb_kend_rrn`
--

CREATE TABLE `tb_kend_rrn` (
  `kend_rrn_id` varchar(30) NOT NULL,
  `kend_rrn_produksi` date DEFAULT NULL,
  `kend_rrn_variant` varchar(100) DEFAULT NULL,
  `kend_rrn_warna` varchar(100) DEFAULT NULL,
  `kend_rrn_upgrade` varchar(50) NOT NULL,
  `created_at` timestamp NOT NULL DEFAULT CURRENT_TIMESTAMP,
  `updated_at` timestamp NOT NULL DEFAULT CURRENT_TIMESTAMP ON UPDATE CURRENT_TIMESTAMP
) ENGINE=InnoDB DEFAULT CHARSET=latin1;

--
-- Dumping data for table `tb_kend_rrn`
--

INSERT INTO `tb_kend_rrn` (`kend_rrn_id`, `kend_rrn_produksi`, `kend_rrn_variant`, `kend_rrn_warna`, `kend_rrn_upgrade`, `created_at`, `updated_at`) VALUES
('A22017F0000251', '2017-06-03', 'GRAN MAX PU AC PS 1.5 FH', 'ULTRA BLACK DSO', 'STD', '2017-12-24 07:15:52', '2017-12-24 07:15:52'),
('A22017F0000305', '2017-06-05', 'GRAN MAX PU 1.3 3W FH', 'WHITE DSO', 'STD', '2017-12-24 07:15:52', '2017-12-24 07:15:52'),
('A22017F0000671', '2017-06-07', 'GRAN MAX PU 1.3 STD FH', 'ULTRA BLACK DSO', 'STD', '2017-12-24 07:15:52', '2017-12-24 07:15:52'),
('A22017F0000889', '2017-06-08', 'GRAN MAX PU 1.3 STD FH', 'ULTRA BLACK DSO', 'STD', '2017-12-24 07:15:52', '2017-12-24 07:15:52'),
('A22017F0001031', '2017-06-07', 'GRAN MAX PU AC PS 1.5 FH', 'ULTRA BLACK DSO', 'STD', '2017-12-24 07:15:52', '2017-12-24 07:15:52'),
('A22017F0001058', '2017-06-08', 'GRAN MAX PU 1.5 3W FH', 'WHITE DSO', 'STD', '2017-12-24 07:15:52', '2017-12-24 07:15:52'),
('A22017F0001320', '2017-06-11', 'GRAN MAX PU 1.3 STD FH', 'ULTRA BLACK DSO', 'STD', '2017-12-24 07:15:52', '2017-12-24 07:15:52'),
('A22017F0001522', '2017-06-12', 'LUXIO 1.5 X M/T MC', 'WHITE DSO', 'STD', '2017-12-24 07:15:52', '2017-12-24 07:15:52'),
('A22017F0002014', '2017-06-14', 'GRAN MAX PU AC PS 1.5 FH', 'CLASSIC SILVER DSO', 'STD', '2017-12-24 07:15:53', '2017-12-24 07:15:53'),
('B22017F0000015', '2017-06-01', 'TERIOS R MT', 'BLACK METALIC DSO', 'STD', '2017-12-24 07:15:53', '2017-12-24 07:15:53'),
('B22017F0000067', '2017-06-02', 'TERIOS R MT', 'BLACK METALIC DSO', 'ADVENTURE', '2017-12-24 07:15:53', '2017-12-24 07:15:53'),
('B22017F0000273', '2017-06-06', 'TERIOS X MT', 'CLASSIC SILVER DSO', 'EXTRA', '2017-12-24 07:15:53', '2017-12-24 07:15:53'),
('B22017F0000288', '2017-06-06', 'TERIOS X MT', 'BLACK METALIC DSO', 'EXTRA', '2017-12-24 07:15:53', '2017-12-24 07:15:53'),
('C22017F0000002', '2017-06-01', 'GREAT NEW XENIA X MT 1.3 ', 'CLASSIC SILVER DSO', 'STD', '2017-12-24 07:15:53', '2017-12-24 07:15:53'),
('C22017F0000302', '2017-06-07', 'GREAT NEW XENIA X MT 1.3 ', 'WHITE DSO', 'STD', '2017-12-24 07:15:53', '2017-12-24 07:15:53'),
('C22017F0000455', '2017-06-08', 'GREAT NEW XENIA X MT 1.3 ', 'SCARLET RED METALLIC DSO', 'STD', '2017-12-24 07:15:53', '2017-12-24 07:15:53'),
('C22017F0000550', '2017-06-10', 'GREAT NEW XENIA R MT 1.3 ', 'DARK BROWN METALLIC DSO', 'SPORTY', '2017-12-24 07:15:53', '2017-12-24 07:15:53'),
('C22017F0000625', '2017-06-09', 'GREAT NEW XENIA X MT 1.3 ', 'WHITE DSO', 'STD', '2017-12-24 07:15:54', '2017-12-24 07:15:54'),
('C22017F0000841', '2017-06-12', 'GREAT NEW XENIA R MT 1.3 ', 'BLACK METALIC DSO', 'SPORTY', '2017-12-24 07:15:54', '2017-12-24 07:15:54'),
('C22017F0000922', '2017-06-13', 'GREAT NEW XENIA R MT 1.3 ', 'CLASSIC SILVER DSO', 'STD', '2017-12-24 07:15:54', '2017-12-24 07:15:54'),
('C22017F0001168', '2017-06-14', 'GREAT NEW XENIA R MT 1.3 ', 'BLACK METALIC DSO', 'SPORTY', '2017-12-24 07:15:54', '2017-12-24 07:15:54'),
('G12017E0002479', '2017-06-01', 'NEW AYLA 1.0 M MT ', 'RED SOLID DSO', 'STD', '2017-12-24 07:15:54', '2017-12-24 07:15:54'),
('G12017F0000007', '2017-06-01', 'NEW AYLA 1.2 R MT ', 'CLASSIC SILVER DSO', 'DLX', '2017-12-24 07:15:54', '2017-12-24 07:15:54'),
('G12017F0000066', '2017-06-01', 'NEW AYLA 1.0 X MT ', 'ROCK GREY METALLIC DSO', 'STD', '2017-12-24 07:15:54', '2017-12-24 07:15:54'),
('G12017F0000147', '2017-06-03', 'NEW AYLA 1.2 R MT ', 'RED SOLID DSO', 'STD', '2017-12-24 07:15:54', '2017-12-24 07:15:54'),
('G12017F0000317', '2017-06-03', 'NEW AYLA 1.0 X AT ', 'ULTRA BLACK (SOLID) DSO', 'STD', '2017-12-24 07:15:54', '2017-12-24 07:15:54'),
('G12017F0000337', '2017-06-03', 'NEW AYLA 1.2 R MT ', 'ORANGE METALLIC DSO', 'STD', '2017-12-24 07:15:55', '2017-12-24 07:15:55'),
('G12017F0000379', '2017-06-03', 'NEW AYLA 1.0 X MT ', 'ROCK GREY METALLIC DSO', 'STD', '2017-12-24 07:15:55', '2017-12-24 07:15:55'),
('G12017F0000523', '2017-06-05', 'NEW AYLA 1.0 M MT ', 'WHITE DSO', 'STD', '2017-12-24 07:15:55', '2017-12-24 07:15:55'),
('G12017F0000625', '2017-06-05', 'NEW AYLA 1.0 X MT ', 'ULTRA BLACK (SOLID) DSO', 'STD', '2017-12-24 07:15:55', '2017-12-24 07:15:55'),
('G12017F0000835', '2017-06-06', 'NEW AYLA 1.0 X MT ', 'WHITE DSO', 'STD', '2017-12-24 07:15:55', '2017-12-24 07:15:55'),
('G12017F0000887', '2017-06-07', 'NEW AYLA 1.2 R MT ', 'ROCK GREY METALLIC DSO', 'DLX', '2017-12-24 07:15:55', '2017-12-24 07:15:55'),
('G12017F0000998', '2017-06-07', 'NEW AYLA 1.0 X MT ', 'CLASSIC SILVER DSO', 'STD', '2017-12-24 07:15:55', '2017-12-24 07:15:55'),
('G12017F0001150', '2017-06-08', 'NEW AYLA 1.2 R MT ', 'ULTRA BLACK (SOLID) DSO', 'DLX', '2017-12-24 07:15:55', '2017-12-24 07:15:55'),
('G12017F0001255', '2017-06-08', 'NEW AYLA 1.0 X MT ', 'RED SOLID DSO', 'STD', '2017-12-24 07:15:55', '2017-12-24 07:15:55'),
('G12017F0001274', '2017-06-08', 'NEW AYLA 1.0 X MT ', 'WHITE DSO', 'STD', '2017-12-24 07:15:55', '2017-12-24 07:15:55'),
('G12017F0001449', '2017-06-09', 'NEW AYLA 1.0 D+ MT ', 'WHITE DSO', 'STD+', '2017-12-24 07:15:55', '2017-12-24 07:15:55'),
('G12017F0001479', '2017-06-09', 'NEW AYLA 1.0 X MT ', 'RED SOLID DSO', 'STD', '2017-12-24 07:15:55', '2017-12-24 07:15:55'),
('G12017F0001802', '2017-06-13', 'NEW AYLA 1.2 X MT ', 'ORANGE METALLIC DSO', 'STD', '2017-12-24 07:15:55', '2017-12-24 07:15:55'),
('G12017F0002140', '2017-06-14', 'NEW AYLA 1.2 R AT ', 'WHITE DSO', 'DLX', '2017-12-24 07:15:56', '2017-12-24 07:15:56'),
('G12017F0002902', '2017-06-17', 'NEW AYLA 1.0 X MT ', 'WHITE DSO', 'STD', '2017-12-24 07:15:56', '2017-12-24 07:15:56'),
('J12017F0000006', '2017-06-01', 'B400RS-GMDEJ 1.0 M MT', 'RED SOLID DSO', 'STD', '2017-12-24 07:15:56', '2017-12-24 07:15:56'),
('J12017F0000057', '2017-06-02', 'B401RS-GMZFJ 1.2 R MT', 'ROCK GREY METALLIC DSO', 'STD', '2017-12-24 07:15:56', '2017-12-24 07:15:56'),
('J12017F0000330', '2017-06-03', 'B400RS-GMLEJ 1.0 D MT', 'ULTRA BLACK (SOLID) DSO', 'STD', '2017-12-24 07:15:56', '2017-12-24 07:15:56'),
('J12017F0000586', '2017-06-05', 'B401RS-GMZFJ 1.2 R MT', 'ULTRA BLACK (SOLID) DSO', 'STD', '2017-12-24 07:15:56', '2017-12-24 07:15:56'),
('J12017F0000968', '2017-06-07', 'B401RS-GMZFJ 1.2 R MT', 'WHITE DSO', 'DLX', '2017-12-24 07:15:56', '2017-12-24 07:15:56'),
('J12017F0001377', '2017-06-10', 'B401RS-GMZFJ 1.2 R MT', 'WHITE DSO', 'DLX', '2017-12-24 07:15:56', '2017-12-24 07:15:56'),
('J12017F0001413', '2017-06-09', 'B401RS-GQZFJ 1.2 R AT', 'WHITE DSO', 'DLX', '2017-12-24 07:15:56', '2017-12-24 07:15:56'),
('J12017F0001472', '2017-06-13', 'B401RS-GMQFJ 1.2 X MT', 'RED SOLID DSO', 'STD', '2017-12-24 07:15:56', '2017-12-24 07:15:56'),
('J12017F0001539', '2017-06-13', 'B401RS-GMZFJ 1.2 R MT', 'RED SOLID DSO', 'STD', '2017-12-24 07:15:56', '2017-12-24 07:15:56'),
('J12017F0001551', '2017-06-12', 'B401RS-GMZFJ 1.2 R MT', 'WHITE DSO', 'STD', '2017-12-24 07:15:56', '2017-12-24 07:15:56'),
('J12017F0001721', '2017-06-13', 'B401RS-GMZFJ 1.2 R MT', 'ROCK GREY METALLIC DSO', 'DLX', '2017-12-24 07:15:56', '2017-12-24 07:15:56'),
('J12017F0001887', '2017-06-14', 'B401RS-GMQFJ 1.2 X MT', 'ULTRA BLACK (SOLID) DSO', 'STD', '2017-12-24 07:15:57', '2017-12-24 07:15:57');

-- --------------------------------------------------------

--
-- Table structure for table `tb_kontak`
--

CREATE TABLE `tb_kontak` (
  `kontak_id` varchar(10) NOT NULL,
  `kontak_tipe` int(11) NOT NULL,
  `kontak_kategori` int(11) DEFAULT NULL,
  `kontak_nama` varchar(50) NOT NULL,
  `kontak_nick` varchar(50) DEFAULT NULL,
  `kontak_alamat` text,
  `kontak_kota` varchar(50) DEFAULT NULL,
  `kontak_pos` varchar(10) DEFAULT NULL,
  `kontak_telp` varchar(13) NOT NULL,
  `kontak_email` varchar(50) NOT NULL,
  `kontak_status` char(1) NOT NULL DEFAULT '1',
  `kontak_hapus` char(1) NOT NULL DEFAULT '0',
  `created_at` timestamp NOT NULL DEFAULT CURRENT_TIMESTAMP,
  `updated_at` timestamp NOT NULL DEFAULT CURRENT_TIMESTAMP ON UPDATE CURRENT_TIMESTAMP
) ENGINE=InnoDB DEFAULT CHARSET=latin1;

--
-- Dumping data for table `tb_kontak`
--

INSERT INTO `tb_kontak` (`kontak_id`, `kontak_tipe`, `kontak_kategori`, `kontak_nama`, `kontak_nick`, `kontak_alamat`, `kontak_kota`, `kontak_pos`, `kontak_telp`, `kontak_email`, `kontak_status`, `kontak_hapus`, `created_at`, `updated_at`) VALUES
('AKS001', 5, 1, 'PT Aksesoriss', 'AKS', 'test', NULL, NULL, '08123456', 'ptaks@gmail.com', '1', '0', '2017-11-12 03:40:05', '2018-01-13 16:57:31'),
('ASR001', 6, 1, 'Sinar Mas', 'SNM', 'JL. Lingkar Timur, RT. 01 RW. 01, Gunung Ibul Prabumulih Timur', 'Palembang', '30111', '07133300507', '-', '1', '0', '2017-11-28 07:31:53', '2017-11-28 07:31:53'),
('BRJ001', 4, 1, 'SAMSAT', 'SMT', 'Palembang', 'Palembang', NULL, '', '', '1', '0', '2017-12-25 14:44:34', '2017-12-25 14:44:52'),
('EKS001', 3, 1, 'Honda Maju Mobilindo', 'HMM', 'Jl. Kol. H. Burlian No. 338, Karya Baru, Alang Alang Lebar, Sumatera Selatan', 'Palembang', '30252', '085267340999', '-', '1', '0', '2017-11-28 07:31:53', '2017-12-23 10:58:07');

-- --------------------------------------------------------

--
-- Table structure for table `tb_kontak_kategori`
--

CREATE TABLE `tb_kontak_kategori` (
  `kontak_kategori_id` int(11) NOT NULL,
  `kontak_kategori_tipe` varchar(5) DEFAULT NULL,
  `kontak_kategori_nama` varchar(100) DEFAULT NULL,
  `created_at` timestamp NOT NULL DEFAULT CURRENT_TIMESTAMP,
  `updated_at` timestamp NOT NULL DEFAULT CURRENT_TIMESTAMP ON UPDATE CURRENT_TIMESTAMP
) ENGINE=InnoDB DEFAULT CHARSET=latin1;

--
-- Dumping data for table `tb_kontak_kategori`
--

INSERT INTO `tb_kontak_kategori` (`kontak_kategori_id`, `kontak_kategori_tipe`, `kontak_kategori_nama`, `created_at`, `updated_at`) VALUES
(1, NULL, 'UMUM', '2017-11-12 16:09:18', '2017-11-12 16:09:18');

-- --------------------------------------------------------

--
-- Table structure for table `tb_kontak_tipe`
--

CREATE TABLE `tb_kontak_tipe` (
  `kontak_tipe_id` int(11) NOT NULL,
  `kontak_tipe_kode` varchar(5) DEFAULT NULL,
  `kontak_tipe_nama` varchar(100) DEFAULT NULL,
  `created_at` timestamp NOT NULL DEFAULT CURRENT_TIMESTAMP,
  `updated_at` timestamp NOT NULL DEFAULT CURRENT_TIMESTAMP ON UPDATE CURRENT_TIMESTAMP
) ENGINE=InnoDB DEFAULT CHARSET=latin1;

--
-- Dumping data for table `tb_kontak_tipe`
--

INSERT INTO `tb_kontak_tipe` (`kontak_tipe_id`, `kontak_tipe_kode`, `kontak_tipe_nama`, `created_at`, `updated_at`) VALUES
(1, 'KEN', 'VENDOR KENDARAAN', '2017-10-13 08:12:58', '2017-11-13 07:59:13'),
(2, 'AKS', 'VENDOR AKSESORIS', '2017-10-13 08:12:58', '2017-11-13 07:59:09'),
(3, 'EKS', 'EKSPEDISI', '2017-10-13 08:12:58', '2017-10-13 08:12:58'),
(4, 'BRJ', 'BIRO JASA SAMSAT', '2017-10-13 08:12:58', '2017-10-13 08:12:58'),
(5, 'LEA', 'LEASING', '2017-10-13 08:12:58', '2017-10-13 08:12:58'),
(6, 'ASR', 'ASURANSI', '2017-10-13 08:12:58', '2017-10-13 08:12:58');

-- --------------------------------------------------------

--
-- Table structure for table `tb_kota`
--

CREATE TABLE `tb_kota` (
  `kota_id` char(4) COLLATE utf8_unicode_ci NOT NULL,
  `kota_provinsi` char(2) COLLATE utf8_unicode_ci NOT NULL,
  `kota_nama` varchar(255) COLLATE utf8_unicode_ci NOT NULL
) ENGINE=InnoDB DEFAULT CHARSET=utf8 COLLATE=utf8_unicode_ci;

--
-- Dumping data for table `tb_kota`
--

INSERT INTO `tb_kota` (`kota_id`, `kota_provinsi`, `kota_nama`) VALUES
('1601', '16', 'KABUPATEN OGAN KOMERING ULU'),
('1602', '16', 'KABUPATEN OGAN KOMERING ILIR'),
('1603', '16', 'KABUPATEN MUARA ENIM'),
('1604', '16', 'KABUPATEN LAHAT'),
('1605', '16', 'KABUPATEN MUSI RAWAS'),
('1606', '16', 'KABUPATEN MUSI BANYUASIN'),
('1607', '16', 'KABUPATEN BANYU ASIN'),
('1608', '16', 'KABUPATEN OGAN KOMERING ULU SELATAN'),
('1609', '16', 'KABUPATEN OGAN KOMERING ULU TIMUR'),
('1610', '16', 'KABUPATEN OGAN ILIR'),
('1611', '16', 'KABUPATEN EMPAT LAWANG'),
('1612', '16', 'KABUPATEN PENUKAL ABAB LEMATANG ILIR'),
('1613', '16', 'KABUPATEN MUSI RAWAS UTARA'),
('1671', '16', 'KOTA PALEMBANG'),
('1672', '16', 'KOTA PRABUMULIH'),
('1673', '16', 'KOTA PAGAR ALAM'),
('1674', '16', 'KOTA LUBUKLINGGAU');

-- --------------------------------------------------------

--
-- Table structure for table `tb_modul`
--

CREATE TABLE `tb_modul` (
  `modul_id` int(11) NOT NULL,
  `modul_judul` varchar(50) DEFAULT NULL,
  `modul_nama` varchar(100) DEFAULT NULL,
  `modul_ket` text,
  `modul_link` text,
  `modul_parent` int(11) DEFAULT '0',
  `modul_order` int(11) DEFAULT '0',
  `modul_status` char(1) DEFAULT '1',
  `created_at` timestamp NOT NULL DEFAULT CURRENT_TIMESTAMP,
  `updated_at` timestamp NOT NULL DEFAULT CURRENT_TIMESTAMP ON UPDATE CURRENT_TIMESTAMP
) ENGINE=InnoDB DEFAULT CHARSET=latin1;

--
-- Dumping data for table `tb_modul`
--

INSERT INTO `tb_modul` (`modul_id`, `modul_judul`, `modul_nama`, `modul_ket`, `modul_link`, `modul_parent`, `modul_order`, `modul_status`, `created_at`, `updated_at`) VALUES
(1, 'Penjualan', 'Penjualan', NULL, NULL, 0, 1, '1', '2017-10-13 08:10:40', '2017-10-13 08:10:50'),
(2, 'Pembelian', 'Pembelian', NULL, NULL, 0, 2, '1', '2017-10-13 08:10:40', '2017-10-13 08:10:50'),
(3, 'Persediaan', 'Persediaan', NULL, NULL, 0, 3, '1', '2017-10-13 08:10:40', '2017-10-13 08:10:50'),
(4, 'Penggajian', 'Penggajian', NULL, NULL, 0, 4, '1', '2017-10-13 08:10:40', '2017-10-13 08:10:50'),
(5, 'Keuangan', 'Keuangan', NULL, NULL, 0, 5, '1', '2017-10-13 08:10:40', '2017-10-13 08:10:50'),
(6, 'CRM', 'CRM', NULL, NULL, 0, 6, '1', '2017-10-13 08:10:40', '2017-10-13 08:10:50'),
(7, 'Dashboard', 'Dashboard', NULL, '/', 99, 1, '1', '2017-10-13 08:10:40', '2017-12-25 02:57:50'),
(8, 'Kasir', 'Kasir', NULL, NULL, 0, 7, '1', '2017-10-13 08:10:40', '2017-11-13 08:14:02'),
(9, 'Laporan', 'Laporan', NULL, 'laporan', 99, 3, '1', '2017-10-13 08:10:40', '2017-12-25 02:57:47'),
(10, 'Pengaturan', 'Pengaturan', NULL, NULL, 99, 4, '1', '2017-10-13 08:10:40', '2017-11-14 12:04:46'),
(11, 'Umum', 'Umum', NULL, NULL, 10, 1, '1', '2017-10-13 08:10:40', '2017-10-13 08:10:50'),
(12, 'Barang', 'Barang', NULL, NULL, 10, 2, '1', '2017-10-13 08:10:40', '2017-10-13 08:10:50'),
(13, 'Kepegawaian', 'Kepegawaian', NULL, NULL, 10, 3, '1', '2017-10-13 08:10:40', '2017-11-14 04:07:47'),
(14, 'Pengguna', 'Pengguna', NULL, NULL, 10, 4, '1', '2017-10-13 08:10:40', '2017-11-14 05:20:26'),
(15, 'Persediaan', 'Persediaan', NULL, NULL, 10, 5, '0', '2017-10-13 08:10:40', '2017-11-14 05:26:05'),
(17, 'Gudang', 'Gudang', NULL, 'p_gudang', 11, 5, '1', '2017-10-13 08:10:40', '2017-11-14 05:26:26'),
(18, 'Daftar Kontak', 'Daftar Kontak', NULL, 'p_kontak', 11, 1, '1', '2017-10-13 08:10:40', '2017-10-13 08:10:50'),
(19, 'Kategori Kontak', 'Kategori Kontak', NULL, 'p_tipe_kontak', 11, 2, '1', '2017-10-13 08:10:40', '2017-11-14 03:13:39'),
(20, 'Klasifikasi Kontak', 'Klasifikasi Kontak', NULL, 'p_klasifikasi_kontak', 11, 3, '1', '2017-10-13 08:10:40', '2017-11-14 02:55:33'),
(21, 'Tipe Kendaraan', 'Tipe Kendaraan', NULL, 'p_tipe_kendaraan', 12, 1, '1', '2017-10-13 08:10:40', '2017-10-13 08:10:50'),
(22, 'Variasi Kendaraan', 'Variasi Kendaraan', NULL, 'p_variasi_kendaraan', 12, 2, '1', '2017-10-13 08:10:40', '2017-10-13 08:10:50'),
(23, 'Warna Kendaraan', 'Warna Kendaraan', NULL, 'p_warna_kendaraan', 12, 3, '1', '2017-10-13 08:10:40', '2017-10-13 08:10:50'),
(24, 'Harga Kendaraan', 'Harga Kendaraan', NULL, 'p_harga_kendaraan', 12, 4, '1', '2017-10-13 08:10:40', '2017-10-13 08:10:50'),
(25, 'Aksesoris', 'Aksesoris', NULL, 'p_aksesoris', 12, 5, '1', '2017-10-13 08:10:40', '2017-10-13 08:10:50'),
(27, 'Warna', 'Warna', NULL, 'p_warna', 11, 4, '1', '2017-10-13 08:10:40', '2017-11-14 02:55:33'),
(28, 'Karyawan', 'Karyawan', NULL, 'p_karyawan', 13, 4, '1', '2017-10-13 08:10:40', '2017-11-14 05:24:18'),
(29, 'Jabatan', 'Jabatan', NULL, 'p_jabatan', 13, 1, '1', '2017-10-13 08:10:40', '2017-10-13 08:10:50'),
(30, 'Grade Salesman', 'Grade Salesman', NULL, 'p_grade', 13, 2, '1', '2017-10-13 08:10:40', '2017-11-14 05:24:22'),
(31, 'Tim Salesman', 'Tim Salesman', NULL, 'p_team', 13, 3, '1', '2017-10-13 08:10:40', '2017-11-14 13:14:40'),
(32, 'SAFA APPS', '<span class=\"s7-phone\"></span> SAFA APPS', NULL, 'p_safa', 14, 3, '1', '2017-10-13 08:10:40', '2017-11-14 12:34:18'),
(33, 'Salmon APPS', '<span class=\"s7-phone\"></span> Salmon APPS', NULL, 'p_salmon', 14, 4, '1', '2017-10-13 08:10:40', '2017-11-14 12:35:05'),
(34, 'Akun Pengguna', 'Akun Pengguna', NULL, 'p_pengguna', 14, 2, '1', '2017-10-13 08:10:40', '2017-11-14 05:22:50'),
(35, 'Group Akses', 'Group Akses', NULL, 'p_group', 14, 1, '1', '2017-10-13 08:10:40', '2017-11-14 05:22:50'),
(36, 'Bank', 'Bank', NULL, 'p_bank_kategori', 11, 6, '1', '2017-10-13 08:10:40', '2017-11-14 05:26:26'),
(37, 'Pelanggan', 'Pelanggan', NULL, 'pelanggan', 99, 2, '1', '2017-10-13 08:10:40', '2017-12-24 18:13:38'),
(38, 'Salesman', 'Salesman', NULL, 'p_salesman', 13, 6, '1', '2017-10-13 08:10:40', '2017-11-14 13:47:12'),
(40, 'SPK', 'SPK', NULL, 'j_pesanan', 1, 2, '1', '2017-10-13 08:10:40', '2017-11-16 06:50:16'),
(41, 'Diskon', 'Diskon', NULL, 'j_diskon', 1, 3, '1', '2017-10-13 08:10:40', '2017-11-16 06:49:15'),
(42, 'Matching Unit', 'Matching Unit', NULL, 'j_matching', 1, 4, '1', '2017-10-13 08:10:40', '2017-11-16 06:49:25'),
(43, 'Tagihan Leasing', 'Tagihan Leasing', NULL, 'j_leasing', 1, 5, '1', '2017-10-13 08:10:40', '2017-11-16 06:50:38'),
(44, 'Penjualan', 'Penjualan', NULL, 'j_penjualan', 1, 6, '1', '2017-10-13 08:10:40', '2017-11-16 06:49:20'),
(45, 'Proses Samsat', 'Proses Samsat', NULL, 'j_samsat', 1, 7, '1', '2017-10-13 08:10:40', '2017-11-16 06:49:18'),
(46, 'Pesanan Kendaraan', 'Pesanan Kendaraan', NULL, 'b_pesanan', 2, 1, '1', '2017-10-13 08:10:40', '2017-10-13 08:10:50'),
(47, 'Pembelian', 'Pembelian', NULL, 'b_pembelian', 2, 2, '1', '2017-11-16 06:25:23', '2017-11-16 06:25:23'),
(48, 'Retur Kendaraan', 'Retur Kendaraan', NULL, 'b_retur', 2, 3, '1', '2017-11-16 06:25:23', '2017-11-16 06:25:23'),
(49, 'Stok Kendaraan', 'Stok Kendaraan', NULL, 'i_stok', 3, 1, '1', '2017-11-16 06:25:23', '2017-11-16 06:25:23'),
(50, 'Pindah Stok', 'Pindah Stok', NULL, 'i_pindah', 3, 2, '1', '2017-11-16 06:25:23', '2017-11-16 06:25:23'),
(51, 'Kasir Showroom', 'Kasir Showroom', NULL, 'k_showroom', 8, 1, '1', '2017-10-13 08:10:40', '2018-01-12 10:23:42'),
(52, 'Kasir Operasional', 'Kasir Operasional', NULL, 'k_operasional', 8, 2, '1', '2017-10-13 08:10:40', '2018-01-12 10:23:51'),
(53, 'Permintaan SPK', 'Permintaan SPK', NULL, 'j_permintaan', 1, 1, '1', '2017-10-13 08:10:40', '2017-11-16 06:50:34'),
(99, 'Beranda', 'Beranda', NULL, NULL, 0, 0, '1', '2017-10-13 08:10:40', '2017-11-13 08:14:28'),
(100, 'Revenue Register Number', 'Revenue Register Number', NULL, 'b_rrn', 2, 4, '1', '2017-12-22 07:00:30', '2017-12-22 07:00:30'),
(101, 'Pembagian No. SPK', 'Pembagian No. SPK', NULL, 'nospk', 99, 5, '1', '2017-12-24 18:15:08', '2017-12-24 18:15:08');

-- --------------------------------------------------------

--
-- Table structure for table `tb_onhand`
--

CREATE TABLE `tb_onhand` (
  `onhand_rrn` varchar(30) NOT NULL,
  `onhand_variant` int(11) DEFAULT NULL,
  `onhand_warna` int(11) DEFAULT NULL,
  `onhand_rangka` varchar(30) DEFAULT NULL,
  `onhand_mesin` varchar(30) DEFAULT NULL,
  `onhand_req` date DEFAULT NULL,
  `onhand_do` date DEFAULT NULL,
  `created_at` timestamp NOT NULL DEFAULT CURRENT_TIMESTAMP,
  `updated_at` timestamp NOT NULL DEFAULT CURRENT_TIMESTAMP ON UPDATE CURRENT_TIMESTAMP
) ENGINE=InnoDB DEFAULT CHARSET=latin1;

-- --------------------------------------------------------

--
-- Table structure for table `tb_pelanggan`
--

CREATE TABLE `tb_pelanggan` (
  `pel_id` varchar(10) NOT NULL,
  `pel_nama` varchar(50) NOT NULL,
  `pel_identitas` varchar(16) NOT NULL,
  `pel_lahir` date DEFAULT NULL,
  `pel_npwp` varchar(30) DEFAULT NULL,
  `pel_alamat` text,
  `pel_provinsi` varchar(50) NOT NULL,
  `pel_kota` varchar(50) NOT NULL,
  `pel_kecamatan` varchar(50) NOT NULL,
  `pel_kelurahan` varchar(50) NOT NULL,
  `pel_kategori` char(1) DEFAULT '0',
  `pel_pos` varchar(10) DEFAULT NULL,
  `pel_email` varchar(50) DEFAULT NULL,
  `pel_telp` varchar(15) DEFAULT NULL,
  `pel_ponsel` varchar(15) DEFAULT NULL,
  `pel_fotoid` text,
  `pel_hapus` char(1) NOT NULL DEFAULT '0',
  `created_at` timestamp NOT NULL DEFAULT CURRENT_TIMESTAMP,
  `updated_at` timestamp NOT NULL DEFAULT CURRENT_TIMESTAMP ON UPDATE CURRENT_TIMESTAMP
) ENGINE=InnoDB DEFAULT CHARSET=latin1;

--
-- Dumping data for table `tb_pelanggan`
--

INSERT INTO `tb_pelanggan` (`pel_id`, `pel_nama`, `pel_identitas`, `pel_lahir`, `pel_npwp`, `pel_alamat`, `pel_provinsi`, `pel_kota`, `pel_kecamatan`, `pel_kelurahan`, `pel_kategori`, `pel_pos`, `pel_email`, `pel_telp`, `pel_ponsel`, `pel_fotoid`, `pel_hapus`, `created_at`, `updated_at`) VALUES
('C170002', 'RUSMINI', '1671081310980087', '1988-10-13', NULL, 'SEKOJO', 'SUMATERA SELATAN', 'PALEMBANG', 'ILIR TIMUR II', '2 ILIR', '0', '30118', NULL, NULL, '082374188145', NULL, '0', '2017-10-13 16:18:38', '2018-01-11 10:20:14'),
('C170003', 'AKBAR TANJUNG', '1671041410860021', '1986-10-14', NULL, 'JL. JENDRAL SUDIRMAN', 'SUMATERA SELATAN', 'PALEMBANG', 'ILIR BARAT II', '30 ILIR', '0', '36589', 'akbartanjung@gmail.com', '0711258258', '085208520852', NULL, '0', '2017-10-13 17:12:31', '2018-01-11 10:21:49'),
('CT17004', 'MUHAMMAD NURDIN', '1671090105980003', '1999-05-01', NULL, 'KOMP. YPP NO. 114 SEKIP UJUNG RT. 003 RW. 003 ', 'SUMATERA SELATAN', 'PALEMBANG', 'KEMUNING', '20 ILIR D II', '0', '30127', 'muhammadnurdin460@gmail.com', NULL, '081929457923', NULL, '0', '2018-01-11 10:02:13', '2018-01-11 10:03:53'),
('CT17005', 'MUHAMMAD DANDI DARMAWAN', '1671032609980007', '1998-09-26', NULL, 'JL. KH. AZHARI LRG. TUAN KAPAR', 'SUMATERA SELATAN', 'PALEMBANG', 'SEBERANG ULU 2', '14 ULU', '0', '30264', 'mdandi.darmawan@gmail.com', NULL, '0895370588826', NULL, '0', '2018-01-11 10:02:13', '2018-01-11 10:19:20');

-- --------------------------------------------------------

--
-- Table structure for table `tb_pengguna`
--

CREATE TABLE `tb_pengguna` (
  `pengguna_usr` varchar(30) NOT NULL,
  `pengguna_karyawan` int(11) DEFAULT NULL,
  `pengguna_group` int(11) DEFAULT NULL,
  `pengguna_pwd` text,
  `created_at` timestamp NOT NULL DEFAULT CURRENT_TIMESTAMP,
  `updated_at` timestamp NOT NULL DEFAULT CURRENT_TIMESTAMP ON UPDATE CURRENT_TIMESTAMP
) ENGINE=InnoDB DEFAULT CHARSET=latin1;

-- --------------------------------------------------------

--
-- Table structure for table `tb_sales`
--

CREATE TABLE `tb_sales` (
  `sales_karyawan` varchar(10) NOT NULL,
  `sales_uid` varchar(30) DEFAULT NULL,
  `sales_team` int(11) NOT NULL,
  `sales_grade` int(11) NOT NULL,
  `sales_status` char(1) DEFAULT '1',
  `sales_hapus` char(1) DEFAULT '0',
  `sales_token` text,
  `created_at` timestamp NOT NULL DEFAULT CURRENT_TIMESTAMP,
  `updated_at` timestamp NOT NULL DEFAULT CURRENT_TIMESTAMP ON UPDATE CURRENT_TIMESTAMP
) ENGINE=InnoDB DEFAULT CHARSET=latin1;

--
-- Dumping data for table `tb_sales`
--

INSERT INTO `tb_sales` (`sales_karyawan`, `sales_uid`, `sales_team`, `sales_grade`, `sales_status`, `sales_hapus`, `sales_token`, `created_at`, `updated_at`) VALUES
('K001', 'xr4rWSWImNedeksUA5a6fNRXJBg1', 1, 1, '1', '0', '$2y$10$.yYTiLdYES5pJBRaLeb8VesjuljJjOcJ8GWyzM96oMDba6pM2o9va', '2017-10-13 08:48:28', '2017-10-20 07:49:26'),
('K003', 'ctyKj3yVZ5abRq2V1Zavhv56kFW2', 1, 2, '1', '0', NULL, '2017-11-14 13:27:37', '2017-11-15 08:42:27');

-- --------------------------------------------------------

--
-- Table structure for table `tb_sales_pelanggan`
--

CREATE TABLE `tb_sales_pelanggan` (
  `sales_pel_sales` varchar(30) NOT NULL,
  `sales_pel_id` varchar(10) NOT NULL,
  `created_at` timestamp NOT NULL DEFAULT CURRENT_TIMESTAMP,
  `updated_at` timestamp NOT NULL DEFAULT CURRENT_TIMESTAMP ON UPDATE CURRENT_TIMESTAMP
) ENGINE=InnoDB DEFAULT CHARSET=latin1;

-- --------------------------------------------------------

--
-- Table structure for table `tb_sales_spk`
--

CREATE TABLE `tb_sales_spk` (
  `sales_spk_sales` varchar(30) NOT NULL,
  `sales_spk_id` varchar(10) NOT NULL,
  `created_at` timestamp NOT NULL DEFAULT CURRENT_TIMESTAMP,
  `updated_at` timestamp NOT NULL DEFAULT CURRENT_TIMESTAMP ON UPDATE CURRENT_TIMESTAMP
) ENGINE=InnoDB DEFAULT CHARSET=latin1;

-- --------------------------------------------------------

--
-- Table structure for table `tb_sales_target`
--

CREATE TABLE `tb_sales_target` (
  `sales_target_sales` int(11) NOT NULL,
  `sales_target_tahun` int(4) NOT NULL,
  `sales_target_bulan` int(1) NOT NULL,
  `sales_target_jumlah` int(3) DEFAULT '0',
  `created_at` timestamp NOT NULL DEFAULT CURRENT_TIMESTAMP,
  `updated_at` timestamp NOT NULL DEFAULT CURRENT_TIMESTAMP ON UPDATE CURRENT_TIMESTAMP
) ENGINE=InnoDB DEFAULT CHARSET=latin1;

-- --------------------------------------------------------

--
-- Table structure for table `tb_spk`
--

CREATE TABLE `tb_spk` (
  `spk_id` varchar(10) NOT NULL,
  `spk_tgl` datetime DEFAULT NULL,
  `spk_lat` varchar(30) DEFAULT NULL,
  `spk_lng` varchar(30) DEFAULT NULL,
  `spk_sales` varchar(30) DEFAULT NULL,
  `spk_pajak` char(1) DEFAULT '0',
  `spk_fleet` text,
  `spk_pembayaran` char(1) DEFAULT '0',
  `spk_leasing` int(11) DEFAULT NULL,
  `spk_kendaraan` int(11) DEFAULT NULL,
  `spk_ket_harga` char(1) DEFAULT '0',
  `spk_warna` int(11) DEFAULT NULL,
  `spk_tandajadi` bigint(20) DEFAULT '0',
  `spk_ket` text,
  `spk_ttd` text,
  `spk_harga` bigint(20) DEFAULT '0',
  `spk_bbn` bigint(20) DEFAULT '0',
  `spk_automatch` char(1) DEFAULT NULL,
  `spk_status` char(1) DEFAULT '0',
  `spk_spv` char(1) DEFAULT '0',
  `spk_cancel` char(1) NOT NULL DEFAULT '0',
  `created_at` timestamp NOT NULL DEFAULT CURRENT_TIMESTAMP,
  `updated_at` timestamp NOT NULL DEFAULT CURRENT_TIMESTAMP ON UPDATE CURRENT_TIMESTAMP
) ENGINE=InnoDB DEFAULT CHARSET=latin1;

--
-- Dumping data for table `tb_spk`
--

INSERT INTO `tb_spk` (`spk_id`, `spk_tgl`, `spk_lat`, `spk_lng`, `spk_sales`, `spk_pajak`, `spk_fleet`, `spk_pembayaran`, `spk_leasing`, `spk_kendaraan`, `spk_ket_harga`, `spk_warna`, `spk_tandajadi`, `spk_ket`, `spk_ttd`, `spk_harga`, `spk_bbn`, `spk_automatch`, `spk_status`, `spk_spv`, `spk_cancel`, `created_at`, `updated_at`) VALUES
('17-00001', '2018-01-10 14:04:12', '-2.982725', '104.7395578', 'ctyKj3yVZ5abRq2V1Zavhv56kFW2', '0', NULL, '0', NULL, 25, '0', 12, 3500000, 'TOLONG CEPAT DI PROSES BRO', '95f05a47e05f9958973f5e2deda38a40.jpg', 188800000, 0, '0', '1', '1', '0', '2018-01-10 10:36:35', '2018-01-12 00:48:19'),
('17-00002', '2017-03-11 10:04:12', '-2.982725', '104.7395578', 'ctyKj3yVZ5abRq2V1Zavhv56kFW2', '0', NULL, '1', NULL, 4, '0', 12, 3500000, 'AGAK GANCANG DIKIT BOS', '95f05a47e05f9958973f5e2deda38a40.jpg', 111000000, 0, NULL, '0', '1', '0', '2018-01-10 10:48:16', '2018-01-12 00:47:44'),
('17-00003', '2017-08-20 09:04:12', '-2.982725', '104.7395578', 'ctyKj3yVZ5abRq2V1Zavhv56kFW2', '0', NULL, '1', NULL, 9, '0', 10, 3500000, 'TERIMA KASIH', '95f05a47e05f9958973f5e2deda38a40.jpg', 140500000, 0, NULL, '0', '1', '0', '2018-01-10 10:48:16', '2018-01-11 10:07:19'),
('17-00004', '2017-10-24 15:04:12', '-2.982725', '104.7395578', 'ctyKj3yVZ5abRq2V1Zavhv56kFW2', '0', NULL, '1', NULL, 18, '0', 2, 3500000, 'LAJU', '95f05a47e05f9958973f5e2deda38a40.jpg', 137200000, 0, '0', '1', '1', '0', '2018-01-10 10:48:16', '2018-01-13 16:35:39'),
('17-00005', '2018-01-11 00:00:00', '-2.9780729', '104.739463', 'xr4rWSWImNedeksUA5a6fNRXJBg1', '0', NULL, '0', NULL, 11, '0', 13, 1500000, 'MOBIL BARU', '95f05a47e05f9958973f5e2deda38a40.jpg', 160700000, 0, '0', '1', '1', '0', '2018-01-11 09:19:50', '2018-01-13 16:35:18');

-- --------------------------------------------------------

--
-- Table structure for table `tb_spk_aksesoris`
--

CREATE TABLE `tb_spk_aksesoris` (
  `spk_aksesoris_spk` varchar(10) NOT NULL,
  `spk_aksesoris_kode` varchar(20) NOT NULL,
  `spk_aksesoris_nama` varchar(100) DEFAULT NULL,
  `spk_aksesoris_harga` bigint(20) DEFAULT '0',
  `created_at` timestamp NOT NULL DEFAULT CURRENT_TIMESTAMP,
  `updated_at` timestamp NOT NULL DEFAULT CURRENT_TIMESTAMP ON UPDATE CURRENT_TIMESTAMP
) ENGINE=InnoDB DEFAULT CHARSET=latin1;

-- --------------------------------------------------------

--
-- Table structure for table `tb_spk_bayar`
--

CREATE TABLE `tb_spk_bayar` (
  `spk_bayar_id` varchar(20) NOT NULL,
  `spk_bayar_spk` varchar(10) DEFAULT NULL,
  `spk_bayar_tgl` date DEFAULT NULL,
  `spk_bayar_akun` varchar(10) DEFAULT NULL,
  `spk_bayar_jumlah` bigint(20) DEFAULT '0',
  `spk_bayar_ket` text,
  `spk_bayar_usr` varchar(10) DEFAULT NULL,
  `created_at` timestamp NOT NULL DEFAULT CURRENT_TIMESTAMP,
  `updated_at` timestamp NOT NULL DEFAULT CURRENT_TIMESTAMP ON UPDATE CURRENT_TIMESTAMP
) ENGINE=InnoDB DEFAULT CHARSET=latin1;

--
-- Dumping data for table `tb_spk_bayar`
--

INSERT INTO `tb_spk_bayar` (`spk_bayar_id`, `spk_bayar_spk`, `spk_bayar_tgl`, `spk_bayar_akun`, `spk_bayar_jumlah`, `spk_bayar_ket`, `spk_bayar_usr`, `created_at`, `updated_at`) VALUES
('F-1800001', '17-00005', '2018-01-13', '1', 3500000, 'DP', NULL, '2018-01-13 16:44:19', '2018-01-13 16:44:19'),
('F-1800002', '17-00005', '2018-01-14', '1', 157200000, 'PELUNASAN', NULL, '2018-01-14 09:42:09', '2018-01-14 09:42:09'),
('F-1800003', '17-00004', '2018-01-13', '2', 3500000, 'DP', NULL, '2018-01-14 10:19:49', '2018-01-14 10:19:49');

-- --------------------------------------------------------

--
-- Table structure for table `tb_spk_cancel`
--

CREATE TABLE `tb_spk_cancel` (
  `spk_cancel_spk` varchar(10) NOT NULL,
  `spk_cancel_alasan` text,
  `spk_cancel_ket` text,
  `spk_cancel_status` char(1) DEFAULT NULL,
  `spk_cancel_spv` char(1) DEFAULT NULL,
  `created_at` timestamp NOT NULL DEFAULT CURRENT_TIMESTAMP,
  `updated_at` timestamp NOT NULL DEFAULT CURRENT_TIMESTAMP ON UPDATE CURRENT_TIMESTAMP
) ENGINE=InnoDB DEFAULT CHARSET=latin1;

-- --------------------------------------------------------

--
-- Table structure for table `tb_spk_diskon`
--

CREATE TABLE `tb_spk_diskon` (
  `spk_diskon_spk` varchar(10) NOT NULL,
  `spk_diskon_cashback` bigint(20) DEFAULT '0',
  `spk_diskon_komisi` bigint(20) DEFAULT '0',
  `spk_diskon_ket` text,
  `spk_diskon_nama` varchar(50) DEFAULT NULL,
  `spk_diskon_alamat` text,
  `spk_diskon_hubungan` varchar(50) DEFAULT NULL,
  `spk_diskon_telp` varchar(15) DEFAULT NULL,
  `spk_diskon_bank` varchar(50) DEFAULT NULL,
  `spk_diskon_rek` varchar(50) DEFAULT NULL,
  `spk_diskon_an` varchar(50) DEFAULT NULL,
  `spk_diskon_status` char(1) DEFAULT '0',
  `spk_diskon_spv` char(1) DEFAULT '0',
  `created_at` timestamp NOT NULL DEFAULT CURRENT_TIMESTAMP,
  `updated_at` timestamp NOT NULL DEFAULT CURRENT_TIMESTAMP ON UPDATE CURRENT_TIMESTAMP
) ENGINE=InnoDB DEFAULT CHARSET=latin1;

--
-- Dumping data for table `tb_spk_diskon`
--

INSERT INTO `tb_spk_diskon` (`spk_diskon_spk`, `spk_diskon_cashback`, `spk_diskon_komisi`, `spk_diskon_ket`, `spk_diskon_nama`, `spk_diskon_alamat`, `spk_diskon_hubungan`, `spk_diskon_telp`, `spk_diskon_bank`, `spk_diskon_rek`, `spk_diskon_an`, `spk_diskon_status`, `spk_diskon_spv`, `created_at`, `updated_at`) VALUES
('17-00001', 0, 0, NULL, NULL, NULL, NULL, NULL, NULL, NULL, NULL, '1', '1', '2018-01-12 11:06:27', '2018-01-12 11:06:44'),
('17-00005', 0, 0, NULL, NULL, NULL, NULL, NULL, NULL, NULL, NULL, '1', '1', '2018-01-14 07:52:51', '2018-01-14 07:54:36');

-- --------------------------------------------------------

--
-- Table structure for table `tb_spk_do`
--

CREATE TABLE `tb_spk_do` (
  `spk_do_spk` varchar(10) NOT NULL,
  `spk_do_faktur` varchar(30) NOT NULL,
  `spk_do_tgl` date DEFAULT NULL,
  `created_at` timestamp NOT NULL DEFAULT CURRENT_TIMESTAMP,
  `updated_at` timestamp NOT NULL DEFAULT CURRENT_TIMESTAMP ON UPDATE CURRENT_TIMESTAMP
) ENGINE=InnoDB DEFAULT CHARSET=latin1;

--
-- Dumping data for table `tb_spk_do`
--

INSERT INTO `tb_spk_do` (`spk_do_spk`, `spk_do_faktur`, `spk_do_tgl`, `created_at`, `updated_at`) VALUES
('17-00001', 'BP1800001', NULL, '2018-01-12 00:56:39', '2018-01-12 00:56:39'),
('17-00005', 'BP1800002', NULL, '2018-01-14 11:00:54', '2018-01-14 11:00:54');

-- --------------------------------------------------------

--
-- Table structure for table `tb_spk_gi`
--

CREATE TABLE `tb_spk_gi` (
  `spk_gi_spk` varchar(10) NOT NULL,
  `spk_gi_tgl` date DEFAULT NULL,
  `spk_gi_foto` text,
  `created_at` timestamp NOT NULL DEFAULT CURRENT_TIMESTAMP,
  `updated_at` timestamp NOT NULL DEFAULT CURRENT_TIMESTAMP ON UPDATE CURRENT_TIMESTAMP
) ENGINE=InnoDB DEFAULT CHARSET=latin1;

--
-- Dumping data for table `tb_spk_gi`
--

INSERT INTO `tb_spk_gi` (`spk_gi_spk`, `spk_gi_tgl`, `spk_gi_foto`, `created_at`, `updated_at`) VALUES
('17-00001', '2017-12-31', NULL, '2018-01-12 10:54:37', '2018-01-12 10:54:37');

-- --------------------------------------------------------

--
-- Table structure for table `tb_spk_konfirmasi`
--

CREATE TABLE `tb_spk_konfirmasi` (
  `spk_konfirmasi_id` int(11) NOT NULL,
  `spk_konfirmasi_spk` varchar(10) DEFAULT NULL,
  `spk_konfirmasi_nominal` bigint(20) DEFAULT '0',
  `spk_konfirmasi_tujuan` varchar(20) NOT NULL,
  `spk_konfirmasi_bank` varchar(50) DEFAULT NULL,
  `spk_konfirmasi_rek` varchar(50) DEFAULT NULL,
  `spk_konfirmasi_nama` varchar(50) DEFAULT NULL,
  `spk_konfirmasi_foto` text,
  `spk_konfirmasi_ket` text,
  `spk_konfirmasi_status` char(1) DEFAULT NULL,
  `created_at` timestamp NOT NULL DEFAULT CURRENT_TIMESTAMP,
  `updated_at` timestamp NOT NULL DEFAULT CURRENT_TIMESTAMP ON UPDATE CURRENT_TIMESTAMP
) ENGINE=InnoDB DEFAULT CHARSET=latin1;

-- --------------------------------------------------------

--
-- Table structure for table `tb_spk_match`
--

CREATE TABLE `tb_spk_match` (
  `spk_match_spk` varchar(10) NOT NULL,
  `spk_match_dh` varchar(10) DEFAULT NULL,
  `spk_match_tgl` date DEFAULT NULL,
  `spk_match_exp` date DEFAULT NULL,
  `created_at` timestamp NOT NULL DEFAULT CURRENT_TIMESTAMP,
  `updated_at` timestamp NOT NULL DEFAULT CURRENT_TIMESTAMP ON UPDATE CURRENT_TIMESTAMP
) ENGINE=InnoDB DEFAULT CHARSET=latin1;

--
-- Dumping data for table `tb_spk_match`
--

INSERT INTO `tb_spk_match` (`spk_match_spk`, `spk_match_dh`, `spk_match_tgl`, `spk_match_exp`, `created_at`, `updated_at`) VALUES
('17-00001', '20170002', '2018-01-12', '2018-01-12', '2018-01-12 00:55:20', '2018-01-12 00:55:20'),
('17-00005', '20170017', '2018-01-14', '2018-01-14', '2018-01-14 07:51:58', '2018-01-14 07:51:58');

-- --------------------------------------------------------

--
-- Table structure for table `tb_spk_pelanggan`
--

CREATE TABLE `tb_spk_pelanggan` (
  `spk_pel_spk` varchar(10) NOT NULL,
  `spk_pel_id` varchar(10) DEFAULT NULL,
  `spk_pel_kategori` char(1) DEFAULT '0',
  `spk_pel_nama` varchar(50) DEFAULT NULL,
  `spk_pel_identitas` varchar(20) DEFAULT NULL,
  `spk_pel_npwp` varchar(20) DEFAULT NULL,
  `spk_pel_lahir` date DEFAULT NULL,
  `spk_pel_alamat` text,
  `spk_pel_provinsi` varchar(50) DEFAULT NULL,
  `spk_pel_kota` varchar(50) DEFAULT NULL,
  `spk_pel_kecamatan` varchar(50) DEFAULT NULL,
  `spk_pel_kelurahan` varchar(50) DEFAULT NULL,
  `spk_pel_pos` varchar(10) DEFAULT NULL,
  `spk_pel_telp` varchar(15) DEFAULT NULL,
  `spk_pel_ponsel` varchar(15) DEFAULT NULL,
  `spk_pel_email` varchar(50) DEFAULT NULL,
  `spk_pel_fotoid` text,
  `created_at` timestamp NOT NULL DEFAULT CURRENT_TIMESTAMP,
  `updated_at` timestamp NOT NULL DEFAULT CURRENT_TIMESTAMP ON UPDATE CURRENT_TIMESTAMP
) ENGINE=InnoDB DEFAULT CHARSET=latin1;

--
-- Dumping data for table `tb_spk_pelanggan`
--

INSERT INTO `tb_spk_pelanggan` (`spk_pel_spk`, `spk_pel_id`, `spk_pel_kategori`, `spk_pel_nama`, `spk_pel_identitas`, `spk_pel_npwp`, `spk_pel_lahir`, `spk_pel_alamat`, `spk_pel_provinsi`, `spk_pel_kota`, `spk_pel_kecamatan`, `spk_pel_kelurahan`, `spk_pel_pos`, `spk_pel_telp`, `spk_pel_ponsel`, `spk_pel_email`, `spk_pel_fotoid`, `created_at`, `updated_at`) VALUES
('17-00001', 'C170002', '1', 'RUSMINI', '1671081310980087', NULL, '1988-10-13', 'SEKOJO', 'SUMATERA SELATAN', 'PALEMBANG', 'ILIR TIMUR II', '2 ILIR', '30118', NULL, '082374188145', NULL, NULL, '2018-01-11 10:29:26', '2018-01-11 11:00:15'),
('17-00002', 'C170003', '0', 'AKBAR TANJUNG', '1671041410860021', NULL, '1986-10-14', 'JL. JENDRAL SUDIRMAN', 'SUMATERA SELATAN', 'PALEMBANG', 'ILIR BARAT II', '30 ILIR', '36589', '0711258258', '085208520852', 'AKBARTANJUNG@GMAIL.COM', NULL, '2018-01-11 10:29:26', '2018-01-11 10:29:26'),
('17-00003', 'CT17004', '0', 'MUHAMMAD NURDIN', '1671090105980003', NULL, '1999-05-01', 'KOMP. YPP NO. 114 SEKIP UJUNG RT. 003 RW. 003 ', 'SUMATERA SELATAN', 'PALEMBANG', 'KEMUNING', '20 ILIR D II', '30127', NULL, '081929457923', 'muhammadnurdin460@gmail.com', NULL, '2018-01-11 10:29:26', '2018-01-11 10:29:26'),
('17-00004', 'CT17005', '0', 'MUHAMMAD DANDI DARMAWAN', '1671032609980007', NULL, '1998-09-26', 'JL. KH. AZHARI LRG. TUAN KAPAR', 'SUMATERA SELATAN', 'PALEMBANG', 'SEBERANG ULU 2', '14 ULU', '30264', NULL, '0895370588826', 'mdandi.darmawan@gmail.com', NULL, '2018-01-11 10:29:26', '2018-01-11 10:29:26'),
('17-00005', 'CT17005', '0', 'MUHAMMAD DANDI DARMAWAN', '1671032609980007', NULL, '1998-09-26', 'JL. KH. AZHARI LRG. TUAN KAPAR', 'SUMATERA SELATAN', 'PALEMBANG', 'SEBERANG ULU 2', '14 ULU', '30264', NULL, '0895370588826', 'mdandi.darmawan@gmail.com', NULL, '2018-01-11 10:29:26', '2018-01-11 10:29:26');

-- --------------------------------------------------------

--
-- Table structure for table `tb_spk_po`
--

CREATE TABLE `tb_spk_po` (
  `spk_po_spk` varchar(10) NOT NULL,
  `spk_po_leasing` varchar(6) DEFAULT NULL,
  `spk_po_asuransi` varchar(6) DEFAULT NULL,
  `spk_po_jenis_asuransi` int(11) DEFAULT NULL,
  `spk_po_dp` bigint(20) DEFAULT '0',
  `spk_po_droping` bigint(20) DEFAULT '0',
  `spk_po_waktu` varchar(50) DEFAULT NULL,
  `spk_po_angsuran` bigint(20) DEFAULT NULL,
  `spk_po_cetak` date DEFAULT NULL,
  `spk_po_tagihan` date DEFAULT NULL,
  `spk_po_lunas` date DEFAULT NULL,
  `spk_po_refund` date DEFAULT NULL,
  `spk_po_jumlah_refund` bigint(20) DEFAULT NULL,
  `spk_po_dokumen` char(1) DEFAULT '0',
  `created_at` timestamp NOT NULL DEFAULT CURRENT_TIMESTAMP,
  `updated_at` timestamp NOT NULL DEFAULT CURRENT_TIMESTAMP ON UPDATE CURRENT_TIMESTAMP
) ENGINE=InnoDB DEFAULT CHARSET=latin1;

--
-- Dumping data for table `tb_spk_po`
--

INSERT INTO `tb_spk_po` (`spk_po_spk`, `spk_po_leasing`, `spk_po_asuransi`, `spk_po_jenis_asuransi`, `spk_po_dp`, `spk_po_droping`, `spk_po_waktu`, `spk_po_angsuran`, `spk_po_cetak`, `spk_po_tagihan`, `spk_po_lunas`, `spk_po_refund`, `spk_po_jumlah_refund`, `spk_po_dokumen`, `created_at`, `updated_at`) VALUES
('17-00001', 'AKS001', 'ASR001', 1, 0, 0, NULL, NULL, NULL, NULL, NULL, NULL, NULL, '0', '2018-01-12 00:56:39', '2018-01-12 00:58:06'),
('17-00005', NULL, NULL, NULL, 0, 0, NULL, NULL, NULL, NULL, NULL, NULL, NULL, '0', '2018-01-14 11:00:54', '2018-01-14 11:00:54');

-- --------------------------------------------------------

--
-- Table structure for table `tb_spk_samsat`
--

CREATE TABLE `tb_spk_samsat` (
  `spk_samsat_spk` varchar(10) NOT NULL,
  `spk_samsat_biro` int(11) DEFAULT NULL,
  `spk_samsat_tglfaktur` date DEFAULT NULL,
  `spk_samsat_ujitipe` date DEFAULT NULL,
  `spk_samsat_tglstnk` date DEFAULT NULL,
  `spk_samsat_tglbpkb` date DEFAULT NULL,
  `spk_samsat_stck` text,
  `spk_samsat_nopol` varchar(20) DEFAULT NULL,
  `spk_samsat_plat` char(1) DEFAULT '0',
  `spk_samsat_notis` char(1) DEFAULT '0',
  `spk_samsat_stnk` char(1) DEFAULT '0',
  `spk_samsat_bpkb` varchar(30) DEFAULT NULL,
  `spk_samsat_nama` varchar(50) DEFAULT NULL,
  `spk_samsat_alamat` text,
  `spk_samsat_tgl` datetime DEFAULT NULL,
  `created_at` timestamp NOT NULL DEFAULT CURRENT_TIMESTAMP,
  `updated_at` timestamp NOT NULL DEFAULT CURRENT_TIMESTAMP ON UPDATE CURRENT_TIMESTAMP
) ENGINE=InnoDB DEFAULT CHARSET=latin1;

--
-- Dumping data for table `tb_spk_samsat`
--

INSERT INTO `tb_spk_samsat` (`spk_samsat_spk`, `spk_samsat_biro`, `spk_samsat_tglfaktur`, `spk_samsat_ujitipe`, `spk_samsat_tglstnk`, `spk_samsat_tglbpkb`, `spk_samsat_stck`, `spk_samsat_nopol`, `spk_samsat_plat`, `spk_samsat_notis`, `spk_samsat_stnk`, `spk_samsat_bpkb`, `spk_samsat_nama`, `spk_samsat_alamat`, `spk_samsat_tgl`, `created_at`, `updated_at`) VALUES
('17-00001', NULL, NULL, NULL, NULL, NULL, NULL, NULL, '0', '0', '0', NULL, NULL, NULL, NULL, '2018-01-12 00:56:39', '2018-01-12 00:56:39'),
('17-00005', NULL, NULL, NULL, NULL, NULL, NULL, NULL, '0', '0', '0', NULL, NULL, NULL, NULL, '2018-01-14 11:00:54', '2018-01-14 11:00:54');

-- --------------------------------------------------------

--
-- Table structure for table `tb_spk_stnk`
--

CREATE TABLE `tb_spk_stnk` (
  `spk_stnk_spk` varchar(10) NOT NULL,
  `spk_stnk_nama` varchar(50) DEFAULT NULL,
  `spk_stnk_identitas` varchar(20) DEFAULT NULL,
  `spk_stnk_alamat` text,
  `spk_stnk_provinsi` varchar(50) DEFAULT NULL,
  `spk_stnk_kota` varchar(50) DEFAULT NULL,
  `spk_stnk_kecamatan` varchar(50) DEFAULT NULL,
  `spk_stnk_kelurahan` varchar(50) DEFAULT NULL,
  `spk_stnk_pos` varchar(10) DEFAULT NULL,
  `spk_stnk_alamatd` text,
  `spk_stnk_provinsid` varchar(50) DEFAULT NULL,
  `spk_stnk_kotad` varchar(50) DEFAULT NULL,
  `spk_stnk_kecamatand` varchar(50) DEFAULT NULL,
  `spk_stnk_kelurahand` varchar(50) DEFAULT NULL,
  `spk_stnk_posd` varchar(10) DEFAULT NULL,
  `spk_stnk_telp` varchar(15) DEFAULT NULL,
  `spk_stnk_ponsel` varchar(15) DEFAULT NULL,
  `spk_stnk_email` varchar(50) DEFAULT NULL,
  `spk_stnk_fotoid` text,
  `created_at` timestamp NOT NULL DEFAULT CURRENT_TIMESTAMP,
  `updated_at` timestamp NOT NULL DEFAULT CURRENT_TIMESTAMP ON UPDATE CURRENT_TIMESTAMP
) ENGINE=InnoDB DEFAULT CHARSET=latin1;

-- --------------------------------------------------------

--
-- Table structure for table `tb_spv`
--

CREATE TABLE `tb_spv` (
  `spv_karyawan` int(11) NOT NULL,
  `spv_uid` varchar(30) DEFAULT NULL,
  `spv_team` int(11) NOT NULL,
  `spv_status` char(1) DEFAULT '1',
  `spv_hapus` char(1) DEFAULT '0',
  `created_at` timestamp NOT NULL DEFAULT CURRENT_TIMESTAMP,
  `updated_at` timestamp NOT NULL DEFAULT CURRENT_TIMESTAMP ON UPDATE CURRENT_TIMESTAMP
) ENGINE=InnoDB DEFAULT CHARSET=latin1;

-- --------------------------------------------------------

--
-- Table structure for table `tb_team`
--

CREATE TABLE `tb_team` (
  `team_id` int(11) NOT NULL,
  `team_nama` varchar(100) NOT NULL,
  `team_kota` varchar(100) NOT NULL,
  `team_spv` varchar(10) DEFAULT NULL,
  `team_status` char(1) DEFAULT '1',
  `team_hapus` char(1) DEFAULT '0',
  `created_at` timestamp NOT NULL DEFAULT CURRENT_TIMESTAMP,
  `updated_at` timestamp NOT NULL DEFAULT CURRENT_TIMESTAMP ON UPDATE CURRENT_TIMESTAMP
) ENGINE=InnoDB DEFAULT CHARSET=latin1;

--
-- Dumping data for table `tb_team`
--

INSERT INTO `tb_team` (`team_id`, `team_nama`, `team_kota`, `team_spv`, `team_status`, `team_hapus`, `created_at`, `updated_at`) VALUES
(1, 'JAGUAR', 'KOTA PALEMBANG', 'K002', '1', '0', '2017-10-13 08:48:02', '2017-11-14 12:52:17');

-- --------------------------------------------------------

--
-- Table structure for table `tb_team_target`
--

CREATE TABLE `tb_team_target` (
  `team_target_team` int(11) NOT NULL,
  `team_target_tahun` int(4) NOT NULL,
  `team_target_bulan` int(1) NOT NULL,
  `team_target_jumlah` int(3) DEFAULT '0',
  `created_at` timestamp NOT NULL DEFAULT CURRENT_TIMESTAMP,
  `updated_at` timestamp NOT NULL DEFAULT CURRENT_TIMESTAMP ON UPDATE CURRENT_TIMESTAMP
) ENGINE=InnoDB DEFAULT CHARSET=latin1;

-- --------------------------------------------------------

--
-- Table structure for table `tb_type`
--

CREATE TABLE `tb_type` (
  `type_id` int(10) NOT NULL,
  `type_nama` varchar(100) NOT NULL,
  `type_poin` int(11) NOT NULL,
  `type_status` char(1) NOT NULL DEFAULT '1',
  `type_hapus` char(1) NOT NULL DEFAULT '0',
  `created_at` timestamp NOT NULL DEFAULT CURRENT_TIMESTAMP,
  `updated_at` timestamp NOT NULL DEFAULT CURRENT_TIMESTAMP ON UPDATE CURRENT_TIMESTAMP
) ENGINE=InnoDB DEFAULT CHARSET=latin1;

--
-- Dumping data for table `tb_type`
--

INSERT INTO `tb_type` (`type_id`, `type_nama`, `type_poin`, `type_status`, `type_hapus`, `created_at`, `updated_at`) VALUES
(1, 'AYLA', 8, '0', '0', '2017-10-13 08:19:33', '2017-11-14 12:28:49'),
(2, 'GRAND MAX', 10, '1', '0', '2017-10-13 08:19:33', '2017-10-13 08:19:33'),
(3, 'GREAT NEW XENIA', 10, '1', '0', '2017-10-13 08:19:33', '2017-10-13 08:19:33'),
(4, 'HI MAX PU ', 10, '1', '0', '2017-10-13 08:19:33', '2017-10-13 08:19:33'),
(5, 'LUXIO', 10, '1', '0', '2017-10-13 08:19:33', '2017-10-13 08:19:33'),
(6, 'NEW AYLA', 10, '1', '0', '2017-10-13 08:19:33', '2017-10-13 08:19:33'),
(7, 'SIGRA ', 10, '1', '0', '2017-10-13 08:19:33', '2017-10-13 08:19:33'),
(8, 'SIRION ', 10, '1', '0', '2017-10-13 08:19:33', '2017-10-13 08:19:33'),
(9, 'TERIOS', 10, '1', '0', '2017-10-13 08:19:33', '2017-10-13 08:19:33');

-- --------------------------------------------------------

--
-- Table structure for table `tb_type_warna`
--

CREATE TABLE `tb_type_warna` (
  `type_warna_type` int(10) NOT NULL,
  `type_warna_id` int(10) NOT NULL,
  `type_warna_status` char(1) NOT NULL DEFAULT '1',
  `type_warna_hapus` char(1) NOT NULL DEFAULT '0',
  `created_at` timestamp NOT NULL DEFAULT CURRENT_TIMESTAMP,
  `updated_at` timestamp NOT NULL DEFAULT CURRENT_TIMESTAMP ON UPDATE CURRENT_TIMESTAMP
) ENGINE=InnoDB DEFAULT CHARSET=latin1;

--
-- Dumping data for table `tb_type_warna`
--

INSERT INTO `tb_type_warna` (`type_warna_type`, `type_warna_id`, `type_warna_status`, `type_warna_hapus`, `created_at`, `updated_at`) VALUES
(1, 22, '1', '0', '2017-11-14 03:38:16', '2017-11-14 03:38:16');

-- --------------------------------------------------------

--
-- Table structure for table `tb_variant`
--

CREATE TABLE `tb_variant` (
  `variant_id` int(11) NOT NULL,
  `variant_serial` varchar(50) NOT NULL,
  `variant_type` int(11) NOT NULL,
  `variant_nama` text NOT NULL,
  `variant_ket` text NOT NULL,
  `variant_on` bigint(20) NOT NULL DEFAULT '0',
  `variant_off` bigint(20) NOT NULL DEFAULT '0',
  `variant_bbn` bigint(20) NOT NULL DEFAULT '0',
  `variant_status` char(1) NOT NULL DEFAULT '1',
  `variant_hapus` char(1) NOT NULL DEFAULT '0',
  `created_at` timestamp NOT NULL DEFAULT CURRENT_TIMESTAMP,
  `updated_at` timestamp NOT NULL DEFAULT CURRENT_TIMESTAMP ON UPDATE CURRENT_TIMESTAMP
) ENGINE=InnoDB DEFAULT CHARSET=latin1;

--
-- Dumping data for table `tb_variant`
--

INSERT INTO `tb_variant` (`variant_id`, `variant_serial`, `variant_type`, `variant_nama`, `variant_ket`, `variant_on`, `variant_off`, `variant_bbn`, `variant_status`, `variant_hapus`, `created_at`, `updated_at`) VALUES
(1, 'AYLA-GMLFJ-PT', 1, 'AYLA D PLUS MT MI', '', 0, 0, 0, '0', '1', '2017-10-13 01:21:00', '2017-10-13 01:21:00'),
(2, 'AYLA-GQDFJ-PZ', 1, 'AYLA M AT MI', '', 0, 0, 0, '0', '1', '2017-10-13 01:21:00', '2017-10-13 01:21:00'),
(3, 'AYLA-GMDFJ-PN', 1, 'AYLA M MT MI', '', 0, 0, 0, '0', '1', '2017-10-13 01:21:00', '2017-10-13 01:21:00'),
(4, 'AYLA-GQDFJ-PZP', 1, 'AYLA M SPORTY AT MI', '', 0, 0, 0, '0', '1', '2017-10-13 01:21:00', '2017-10-13 01:21:00'),
(5, 'AYLA-GQQFJ-QL', 1, 'AYLA X AT MI', '', 0, 0, 0, '0', '1', '2017-10-13 01:21:00', '2017-10-13 01:21:00'),
(6, 'AYLA-GQQFJ-QLP', 1, 'AYLA X ELEGANT AT MI', '', 0, 0, 0, '0', '1', '2017-10-13 01:21:00', '2017-10-13 01:21:00'),
(7, 'AYLA-GMQFJ-PUP', 1, 'AYLA X ELEGANT MT MI', '', 0, 0, 0, '0', '1', '2017-10-13 01:21:00', '2017-10-13 01:21:00'),
(8, 'AYLA-GMQFJ-PU', 1, 'AYLA X MT MI', '', 0, 0, 0, '0', '1', '2017-10-13 01:21:00', '2017-10-13 01:21:00'),
(9, 'GMRV-BMREJJ-HFFH', 2, 'GRAN MAX BV 1.3 AC FH', '', 140500000, 0, 0, '1', '0', '2017-10-13 01:21:00', '2017-10-13 01:21:00'),
(10, 'GMRV-BMREJJ-HEFH', 2, 'GRAN MAX BV 1.3 FH', '', 136300000, 0, 0, '1', '0', '2017-10-13 01:21:00', '2017-10-13 01:21:00'),
(11, 'GMRV-ZMGEJJ-HPFH', 2, 'GRAN MAX MB 1.3 D FF FH', '', 160700000, 0, 0, '1', '0', '2017-10-13 01:21:00', '2017-10-13 01:21:00'),
(12, 'GMRV-ZMDEJJ-HJFH', 2, 'GRAN MAX MB 1.3 D FH', '', 154300000, 0, 0, '1', '0', '2017-10-13 01:21:00', '2017-10-13 01:21:00'),
(13, 'GMRV-ZMDFJJ-MUFH', 2, 'GRAN MAX MB 1.5 D PS FH', '', 170800000, 0, 0, '1', '0', '2017-10-13 01:21:00', '2017-10-13 01:21:00'),
(14, 'GMRP-TMREJJ-HCFH', 2, 'GRAN MAX PU 1.3 3W FH', '', 125200000, 0, 0, '1', '0', '2017-10-13 01:21:00', '2017-10-13 01:21:00'),
(15, 'GMRP-PMREJJ-HAFH', 2, 'GRAN MAX PU 1.3 STD FH', '', 125200000, 0, 0, '1', '0', '2017-10-13 01:21:00', '2017-10-13 01:21:00'),
(16, 'GMRP-TMRFJJ-KPFH', 2, 'GRAN MAX PU 1.5 3W FH', '', 130100000, 0, 0, '1', '0', '2017-10-13 01:21:00', '2017-10-13 01:21:00'),
(17, 'GMRP-PMRFJJ-KGFH', 2, 'GRAN MAX PU 1.5 STD FH', '', 130100000, 0, 0, '1', '0', '2017-10-13 01:21:00', '2017-10-13 01:21:00'),
(18, 'GMRP-PMRFJJ-KJFH', 2, 'GRAN MAX PU AC PS 1.5 FH', '', 137200000, 0, 0, '1', '0', '2017-10-13 01:21:00', '2017-10-13 01:21:00'),
(19, 'F653QD-R-SPT', 3, 'GREAT NEW XENIA R AT 1.3 SPORTY', '', 223700000, 0, 0, '1', '0', '2017-10-13 01:21:00', '2017-10-13 01:21:00'),
(20, 'F653QD-R', 3, 'GREAT NEW XENIA R AT 1.3 STD', '', 204300000, 0, 0, '1', '0', '2017-10-13 01:21:00', '2017-10-13 01:21:00'),
(21, 'F653MD-R-SPT', 3, 'GREAT NEW XENIA R MT 1.3 SPORTY', '', 212900000, 0, 0, '1', '0', '2017-10-13 01:21:00', '2017-10-13 01:21:00'),
(22, 'F653MD-R', 3, 'GREAT NEW XENIA R MT 1.3 STD', '', 193200000, 0, 0, '1', '0', '2017-10-13 01:21:00', '2017-10-13 01:21:00'),
(23, 'F653QR-X', 3, 'GREAT NEW XENIA X AT 1.3 STD', '', 199900000, 0, 0, '1', '0', '2017-10-13 01:21:00', '2017-10-13 01:21:00'),
(24, 'F653MR-X-DLX', 3, 'GREAT NEW XENIA X MT 1.3 DLX', '', 204900000, 0, 0, '1', '0', '2017-10-13 01:21:00', '2017-10-13 01:21:00'),
(25, 'F653MR-X', 3, 'GREAT NEW XENIA X MT 1.3 STD', '', 188800000, 0, 0, '1', '0', '2017-10-13 01:21:00', '2017-10-13 01:21:00'),
(26, 'S501RP-PMRFJ-YD', 4, 'HI MAX PU 1.0 STD', '', 102100000, 0, 0, '1', '0', '2017-10-13 01:21:00', '2017-10-13 01:21:00'),
(27, 'S501RP-PMRFJ-BH', 4, 'HI MAX PU 1.0 STD AC PS', '', 110100000, 0, 0, '1', '0', '2017-10-13 01:21:00', '2017-10-13 01:21:00'),
(28, 'LX1.5DM/TMC', 5, 'LUXIO 1.5 D M/T MC', '', 181500000, 0, 0, '1', '0', '2017-10-13 01:21:00', '2017-10-13 01:21:00'),
(29, 'LX1.5XM/TMC', 5, 'LUXIO 1.5 X M/T MC', '', 200200000, 0, 0, '1', '0', '2017-10-13 01:21:00', '2017-10-13 01:21:00'),
(30, 'AYLA-GMLFJ-EH', 6, 'NEW AYLA D (1.0)', '', 98000000, 0, 0, '1', '0', '2017-10-13 01:21:00', '2017-10-13 01:21:00'),
(31, 'AYLA-GMLFJ-EJ', 6, 'NEW AYLA D+ (1.0)', '', 110200000, 0, 0, '1', '0', '2017-10-13 01:21:00', '2017-10-13 01:21:00'),
(32, 'AYLA-GQDFJ-EN', 6, 'NEW AYLA M AT (1.0)', '', 124000000, 0, 0, '1', '0', '2017-10-13 01:21:00', '2017-10-13 01:21:00'),
(33, 'AYLA-GMDFJ-EG', 6, 'NEW AYLA M MT (1.0)', '', 114700000, 0, 0, '1', '0', '2017-10-13 01:21:00', '2017-10-13 01:21:00'),
(34, 'AYLA-GQSGJ-DX', 6, 'NEW AYLA R AT AB (1.2)', '', 148500000, 0, 0, '1', '0', '2017-10-13 01:21:00', '2017-10-13 01:21:00'),
(35, 'AYLA-GQSGJ-DXD', 6, 'NEW AYLA R AT AB (1.2) Deluxe', '', 152500000, 0, 0, '1', '0', '2017-10-13 01:21:00', '2017-10-13 01:21:00'),
(36, 'AYLA-GMSGJ-DV', 6, 'NEW AYLA R MT AB(1.2)', '', 138300000, 0, 0, '1', '0', '2017-10-13 01:21:00', '2017-10-13 01:21:00'),
(37, 'AYLA-GMSGJ-DVD', 6, 'NEW AYLA R MT AB(1.2) Deluxe', '', 142300000, 0, 0, '1', '0', '2017-10-13 01:21:00', '2017-10-13 01:21:00'),
(38, 'AYLA-GQQFJ-EP', 6, 'NEW AYLA X AT (1.0)', '', 131500000, 0, 0, '1', '0', '2017-10-13 01:21:00', '2017-10-13 01:21:00'),
(39, 'AYLA-GQQFJ-EPD', 6, 'NEW AYLA X AT (1.0) Deluxe', '', 138800000, 0, 0, '1', '0', '2017-10-13 01:21:00', '2017-10-13 01:21:00'),
(40, 'AYLA-GQRGJ-DW', 6, 'NEW AYLA X AT AB (1.2)', '', 142300000, 0, 0, '1', '0', '2017-10-13 01:21:00', '2017-10-13 01:21:00'),
(41, 'AYLA-GMQFJ-EK', 6, 'NEW AYLA X MT (1.0)', '', 122200000, 0, 0, '1', '0', '2017-10-13 01:21:00', '2017-10-13 01:21:00'),
(42, 'AYLA-GMQFJ-EKD', 6, 'NEW AYLA X MT (1.0) Deluxe', '', 129600000, 0, 0, '1', '0', '2017-10-13 01:21:00', '2017-10-13 01:21:00'),
(43, 'AYLA-GMRGJ-DU', 6, 'NEW AYLA X MT AB (1.2)', '', 131200000, 0, 0, '1', '0', '2017-10-13 01:21:00', '2017-10-13 01:21:00'),
(44, 'B400RS-GMLEJ', 7, 'SIGRA 1.0 D MT', '', 115700000, 0, 0, '1', '0', '2017-10-13 01:21:00', '2017-10-13 01:21:00'),
(45, 'B400RS-GMDEJ', 7, 'SIGRA 1.0 M MT', '', 124800000, 0, 0, '1', '0', '2017-10-13 01:21:00', '2017-10-13 01:21:00'),
(46, 'B401RS-GQZFJ', 7, 'SIGRA 1.2 R AT', '', 153400000, 0, 0, '1', '0', '2017-10-13 01:21:00', '2017-10-13 01:21:00'),
(47, 'B401RS-GQZFJD', 7, 'SIGRA 1.2 R AT DLX', '', 157200000, 0, 0, '1', '0', '2017-10-13 01:21:00', '2017-10-13 01:21:00'),
(48, 'B401RS-GMZFJ', 7, 'SIGRA 1.2 R MT', '', 140300000, 0, 0, '1', '0', '2017-10-13 01:21:00', '2017-10-13 01:21:00'),
(49, 'B401RS-GMZFJD', 7, 'SIGRA 1.2 R MT DLX', '', 144100000, 0, 0, '1', '0', '2017-10-13 01:21:00', '2017-10-13 01:21:00'),
(50, 'B401RS-GQQFJ', 7, 'SIGRA 1.2 X AT', '', 147400000, 0, 0, '1', '0', '2017-10-13 01:21:00', '2017-10-13 01:21:00'),
(51, 'B401RS-GQQFJD', 7, 'SIGRA 1.2 X AT DLX', '', 152900000, 0, 0, '1', '0', '2017-10-13 01:21:00', '2017-10-13 01:21:00'),
(52, 'B401RS-GMQFJ', 7, 'SIGRA 1.2 X MT', '', 134300000, 0, 0, '1', '0', '2017-10-13 01:21:00', '2017-10-13 01:21:00'),
(53, 'B401RS-GMQFJD', 7, 'SIGRA 1.2 X MT DLX', '', 139800000, 0, 0, '1', '0', '2017-10-13 01:21:00', '2017-10-13 01:21:00'),
(54, 'M602RS-AT', 8, 'SIRION 1.3 FMC AT', '', 184600000, 0, 0, '1', '0', '2017-10-13 01:21:00', '2017-10-13 01:21:00'),
(55, 'M602RS-MT', 8, 'SIRION 1.3 FMC MT', '', 173500000, 0, 0, '1', '0', '2017-10-13 01:21:00', '2017-10-13 01:21:00'),
(56, 'F700RGGQDFJR', 9, 'TERIOS R AT', '', 252900000, 0, 0, '1', '0', '2017-10-13 01:21:00', '2017-10-13 01:21:00'),
(57, 'F700RGGQDFJA', 9, 'TERIOS R AT ADVENTURE', '', 262900000, 0, 0, '1', '0', '2017-10-13 01:21:00', '2017-10-13 01:21:00'),
(58, 'F700RGGMDFJR', 9, 'TERIOS R MT', '', 237900000, 0, 0, '1', '0', '2017-10-13 01:21:00', '2017-10-13 01:21:00'),
(59, 'F700RGGMDFJA', 9, 'TERIOS R MT ADVENTURE', '', 248100000, 0, 0, '1', '0', '2017-10-13 01:21:00', '2017-10-13 01:21:00'),
(60, 'F700RGGMDFJRS', 9, 'TERIOS R MT CUSTOM', '', 242900000, 0, 0, '1', '0', '2017-10-13 01:21:00', '2017-10-13 01:21:00'),
(61, 'F700RGGQRFJE', 9, 'TERIOS X AT EXTRA', '', 225600000, 0, 0, '1', '0', '2017-10-13 01:21:00', '2017-10-13 01:21:00'),
(62, 'F700RGGMRFJE', 9, 'TERIOS X MT EXTRA', '', 214500000, 0, 0, '1', '0', '2017-10-13 01:21:00', '2017-10-13 01:21:00');

-- --------------------------------------------------------

--
-- Table structure for table `tb_warna`
--

CREATE TABLE `tb_warna` (
  `warna_id` int(10) NOT NULL,
  `warna_nama` varchar(50) NOT NULL,
  `warna_status` char(1) DEFAULT '1',
  `warna_hapus` char(1) NOT NULL DEFAULT '0',
  `created_at` timestamp NOT NULL DEFAULT CURRENT_TIMESTAMP,
  `updated_at` timestamp NOT NULL DEFAULT CURRENT_TIMESTAMP ON UPDATE CURRENT_TIMESTAMP
) ENGINE=InnoDB DEFAULT CHARSET=latin1;

--
-- Dumping data for table `tb_warna`
--

INSERT INTO `tb_warna` (`warna_id`, `warna_nama`, `warna_status`, `warna_hapus`, `created_at`, `updated_at`) VALUES
(1, 'BEBAS', '1', '0', '2017-11-26 04:41:44', '2017-11-26 04:41:44'),
(2, 'BLACK METALIC DSO', '1', '0', '2017-11-26 04:41:44', '2018-01-13 16:49:54'),
(3, 'CLASSIC SILVER DSO', '1', '0', '2017-11-26 04:41:44', '2017-11-26 04:41:44'),
(4, 'DARK BROWN METALLIC DSO', '1', '0', '2017-11-26 04:41:44', '2017-11-26 04:41:44'),
(5, 'ELECTRIC BLUE DSO', '1', '0', '2017-11-26 04:41:44', '2017-11-26 04:41:44'),
(6, 'GLITTERING SILVER DSO', '1', '0', '2017-11-26 04:41:44', '2017-11-26 04:41:44'),
(7, 'NEBULA BLUE METALLIC DSO', '1', '0', '2017-11-26 04:41:44', '2017-11-26 04:41:44'),
(8, 'ORANGE METALLIC DSO', '1', '0', '2017-11-26 04:41:44', '2017-11-26 04:41:44'),
(9, 'OZZY ORANGE DSO', '1', '0', '2017-11-26 04:41:44', '2017-11-26 04:41:44'),
(10, 'RED SOLID DSO', '1', '0', '2017-11-26 04:41:44', '2017-11-26 04:41:44'),
(11, 'ROCK GREY METALLIC DSO', '1', '0', '2017-11-26 04:41:44', '2017-11-26 04:41:44'),
(12, 'SCARLET RED METALLIC DSO', '1', '0', '2017-11-26 04:41:44', '2017-11-26 04:41:44'),
(13, 'ULTRA BLACK DSO', '1', '0', '2017-11-26 04:41:44', '2017-11-26 04:41:44'),
(14, 'ULTRA BLACK SOLID DSO', '1', '0', '2017-11-26 04:41:44', '2017-11-26 04:41:44'),
(15, 'WHITE DSO', '1', '0', '2017-11-26 04:41:44', '2017-11-26 04:41:44'),
(16, 'WHITE TWO TONE DSO', '1', '0', '2017-11-26 04:41:44', '2017-11-26 04:41:44'),
(17, 'BLACK METALIC DSO', '1', '0', '2017-12-23 04:43:05', '2017-12-23 04:43:05');

-- --------------------------------------------------------

--
-- Table structure for table `users`
--

CREATE TABLE `users` (
  `id` int(11) NOT NULL,
  `users_karyawan` varchar(30) NOT NULL,
  `username` varchar(30) NOT NULL,
  `password` varchar(100) DEFAULT NULL,
  `client_id` varchar(50) DEFAULT NULL,
  `client_secret` varchar(50) DEFAULT NULL,
  `scope` varchar(30) NOT NULL,
  `_token` text,
  `_status` char(1) NOT NULL DEFAULT '1',
  `created_at` timestamp NOT NULL DEFAULT CURRENT_TIMESTAMP,
  `updated_at` timestamp NOT NULL DEFAULT CURRENT_TIMESTAMP ON UPDATE CURRENT_TIMESTAMP
) ENGINE=InnoDB DEFAULT CHARSET=latin1;

--
-- Dumping data for table `users`
--

INSERT INTO `users` (`id`, `users_karyawan`, `username`, `password`, `client_id`, `client_secret`, `scope`, `_token`, `_status`, `created_at`, `updated_at`) VALUES
(1, 'K001', 'deny.phl.dr@gmail.com', '$2y$10$lA3PGZihRHvGtA4LbN8.TO8gnGw7d9.WwL1bhj7RTikpaGZ5JH41C', 'encardms', 'xr4rWSWImNedeksUA5a6fNRXJBg1', 'sales', '664641f81689c1d0a1da4a751988264dc2744bee6618cccac5e4b4a7adc118f1', '1', '2017-10-24 13:45:21', '2017-11-15 08:37:56'),
(8, 'K003', 'harry@gmail.com', '$2y$10$PQjt5FUwlP18tZGJmFdNse9w9KSBETVeMx1zSt4jQIac5.frMFL9K', 'encardms', 'ctyKj3yVZ5abRq2V1Zavhv56kFW2', '{\"sales\"}', NULL, '1', '2017-11-15 08:42:27', '2017-11-15 08:42:27'),
(9, 'K002', 'deny@gmail.com', '$2y$10$heuOLnqJT5BQ7Uz8n06rWuad/ecje0U44izzVkqv/.m38UdAURO9C', 'encardms', 'dRkiH5nPfNUitE0q0l9P6HpqtNJ3', '{\"spv\"}', NULL, '1', '2017-11-15 08:52:51', '2017-11-15 09:02:00');

--
-- Indexes for dumped tables
--

--
-- Indexes for table `tb_aksesoris`
--
ALTER TABLE `tb_aksesoris`
  ADD PRIMARY KEY (`aksesoris_kode`);

--
-- Indexes for table `tb_asuransi_jenis`
--
ALTER TABLE `tb_asuransi_jenis`
  ADD PRIMARY KEY (`ajenis_id`);

--
-- Indexes for table `tb_bank`
--
ALTER TABLE `tb_bank`
  ADD PRIMARY KEY (`bank_id`);

--
-- Indexes for table `tb_bank_kategori`
--
ALTER TABLE `tb_bank_kategori`
  ADD PRIMARY KEY (`bank_kategori_id`);

--
-- Indexes for table `tb_config`
--
ALTER TABLE `tb_config`
  ADD PRIMARY KEY (`config_name`);

--
-- Indexes for table `tb_diskon`
--
ALTER TABLE `tb_diskon`
  ADD PRIMARY KEY (`diskon_tahun`,`diskon_bulan`,`diskon_variant`);

--
-- Indexes for table `tb_divisi`
--
ALTER TABLE `tb_divisi`
  ADD PRIMARY KEY (`divisi_id`);

--
-- Indexes for table `tb_grade`
--
ALTER TABLE `tb_grade`
  ADD PRIMARY KEY (`grade_id`);

--
-- Indexes for table `tb_group_fitur`
--
ALTER TABLE `tb_group_fitur`
  ADD PRIMARY KEY (`fitur_group`,`fitur_modul`);

--
-- Indexes for table `tb_group_level`
--
ALTER TABLE `tb_group_level`
  ADD PRIMARY KEY (`group_id`);

--
-- Indexes for table `tb_gudang`
--
ALTER TABLE `tb_gudang`
  ADD PRIMARY KEY (`gudang_id`);

--
-- Indexes for table `tb_jabatan`
--
ALTER TABLE `tb_jabatan`
  ADD PRIMARY KEY (`jabatan_id`);

--
-- Indexes for table `tb_karyawan`
--
ALTER TABLE `tb_karyawan`
  ADD PRIMARY KEY (`karyawan_id`);

--
-- Indexes for table `tb_kend_beli`
--
ALTER TABLE `tb_kend_beli`
  ADD PRIMARY KEY (`kend_beli_dh`);

--
-- Indexes for table `tb_kend_gudang`
--
ALTER TABLE `tb_kend_gudang`
  ADD PRIMARY KEY (`kend_gudang_beli`);

--
-- Indexes for table `tb_kend_onhand`
--
ALTER TABLE `tb_kend_onhand`
  ADD PRIMARY KEY (`kend_onhand_rrn`);

--
-- Indexes for table `tb_kend_retur`
--
ALTER TABLE `tb_kend_retur`
  ADD PRIMARY KEY (`kend_retur_dh`);

--
-- Indexes for table `tb_kend_rrn`
--
ALTER TABLE `tb_kend_rrn`
  ADD PRIMARY KEY (`kend_rrn_id`);

--
-- Indexes for table `tb_kontak`
--
ALTER TABLE `tb_kontak`
  ADD PRIMARY KEY (`kontak_id`);

--
-- Indexes for table `tb_kontak_kategori`
--
ALTER TABLE `tb_kontak_kategori`
  ADD PRIMARY KEY (`kontak_kategori_id`);

--
-- Indexes for table `tb_kontak_tipe`
--
ALTER TABLE `tb_kontak_tipe`
  ADD PRIMARY KEY (`kontak_tipe_id`);

--
-- Indexes for table `tb_kota`
--
ALTER TABLE `tb_kota`
  ADD PRIMARY KEY (`kota_id`);

--
-- Indexes for table `tb_modul`
--
ALTER TABLE `tb_modul`
  ADD PRIMARY KEY (`modul_id`);

--
-- Indexes for table `tb_onhand`
--
ALTER TABLE `tb_onhand`
  ADD PRIMARY KEY (`onhand_rrn`);

--
-- Indexes for table `tb_pelanggan`
--
ALTER TABLE `tb_pelanggan`
  ADD PRIMARY KEY (`pel_id`);

--
-- Indexes for table `tb_pengguna`
--
ALTER TABLE `tb_pengguna`
  ADD PRIMARY KEY (`pengguna_usr`);

--
-- Indexes for table `tb_sales`
--
ALTER TABLE `tb_sales`
  ADD PRIMARY KEY (`sales_karyawan`);

--
-- Indexes for table `tb_sales_pelanggan`
--
ALTER TABLE `tb_sales_pelanggan`
  ADD PRIMARY KEY (`sales_pel_sales`,`sales_pel_id`);

--
-- Indexes for table `tb_sales_spk`
--
ALTER TABLE `tb_sales_spk`
  ADD PRIMARY KEY (`sales_spk_sales`,`sales_spk_id`);

--
-- Indexes for table `tb_sales_target`
--
ALTER TABLE `tb_sales_target`
  ADD PRIMARY KEY (`sales_target_sales`,`sales_target_tahun`,`sales_target_bulan`);

--
-- Indexes for table `tb_spk`
--
ALTER TABLE `tb_spk`
  ADD PRIMARY KEY (`spk_id`);

--
-- Indexes for table `tb_spk_aksesoris`
--
ALTER TABLE `tb_spk_aksesoris`
  ADD PRIMARY KEY (`spk_aksesoris_spk`,`spk_aksesoris_kode`);

--
-- Indexes for table `tb_spk_bayar`
--
ALTER TABLE `tb_spk_bayar`
  ADD PRIMARY KEY (`spk_bayar_id`);

--
-- Indexes for table `tb_spk_cancel`
--
ALTER TABLE `tb_spk_cancel`
  ADD PRIMARY KEY (`spk_cancel_spk`);

--
-- Indexes for table `tb_spk_diskon`
--
ALTER TABLE `tb_spk_diskon`
  ADD PRIMARY KEY (`spk_diskon_spk`);

--
-- Indexes for table `tb_spk_do`
--
ALTER TABLE `tb_spk_do`
  ADD PRIMARY KEY (`spk_do_spk`);

--
-- Indexes for table `tb_spk_gi`
--
ALTER TABLE `tb_spk_gi`
  ADD PRIMARY KEY (`spk_gi_spk`);

--
-- Indexes for table `tb_spk_konfirmasi`
--
ALTER TABLE `tb_spk_konfirmasi`
  ADD PRIMARY KEY (`spk_konfirmasi_id`);

--
-- Indexes for table `tb_spk_match`
--
ALTER TABLE `tb_spk_match`
  ADD PRIMARY KEY (`spk_match_spk`);

--
-- Indexes for table `tb_spk_pelanggan`
--
ALTER TABLE `tb_spk_pelanggan`
  ADD PRIMARY KEY (`spk_pel_spk`);

--
-- Indexes for table `tb_spk_po`
--
ALTER TABLE `tb_spk_po`
  ADD PRIMARY KEY (`spk_po_spk`);

--
-- Indexes for table `tb_spk_samsat`
--
ALTER TABLE `tb_spk_samsat`
  ADD PRIMARY KEY (`spk_samsat_spk`);

--
-- Indexes for table `tb_spk_stnk`
--
ALTER TABLE `tb_spk_stnk`
  ADD PRIMARY KEY (`spk_stnk_spk`);

--
-- Indexes for table `tb_spv`
--
ALTER TABLE `tb_spv`
  ADD PRIMARY KEY (`spv_karyawan`);

--
-- Indexes for table `tb_team`
--
ALTER TABLE `tb_team`
  ADD PRIMARY KEY (`team_id`);

--
-- Indexes for table `tb_team_target`
--
ALTER TABLE `tb_team_target`
  ADD PRIMARY KEY (`team_target_team`,`team_target_tahun`,`team_target_bulan`);

--
-- Indexes for table `tb_type`
--
ALTER TABLE `tb_type`
  ADD PRIMARY KEY (`type_id`);

--
-- Indexes for table `tb_type_warna`
--
ALTER TABLE `tb_type_warna`
  ADD PRIMARY KEY (`type_warna_type`,`type_warna_id`);

--
-- Indexes for table `tb_variant`
--
ALTER TABLE `tb_variant`
  ADD PRIMARY KEY (`variant_id`);

--
-- Indexes for table `tb_warna`
--
ALTER TABLE `tb_warna`
  ADD PRIMARY KEY (`warna_id`);

--
-- Indexes for table `users`
--
ALTER TABLE `users`
  ADD PRIMARY KEY (`id`);

--
-- AUTO_INCREMENT for dumped tables
--

--
-- AUTO_INCREMENT for table `tb_asuransi_jenis`
--
ALTER TABLE `tb_asuransi_jenis`
  MODIFY `ajenis_id` int(10) NOT NULL AUTO_INCREMENT, AUTO_INCREMENT=4;

--
-- AUTO_INCREMENT for table `tb_bank`
--
ALTER TABLE `tb_bank`
  MODIFY `bank_id` int(10) NOT NULL AUTO_INCREMENT, AUTO_INCREMENT=4;

--
-- AUTO_INCREMENT for table `tb_bank_kategori`
--
ALTER TABLE `tb_bank_kategori`
  MODIFY `bank_kategori_id` int(10) NOT NULL AUTO_INCREMENT, AUTO_INCREMENT=6;

--
-- AUTO_INCREMENT for table `tb_divisi`
--
ALTER TABLE `tb_divisi`
  MODIFY `divisi_id` int(11) NOT NULL AUTO_INCREMENT;

--
-- AUTO_INCREMENT for table `tb_grade`
--
ALTER TABLE `tb_grade`
  MODIFY `grade_id` int(11) NOT NULL AUTO_INCREMENT, AUTO_INCREMENT=3;

--
-- AUTO_INCREMENT for table `tb_group_level`
--
ALTER TABLE `tb_group_level`
  MODIFY `group_id` int(11) NOT NULL AUTO_INCREMENT;

--
-- AUTO_INCREMENT for table `tb_gudang`
--
ALTER TABLE `tb_gudang`
  MODIFY `gudang_id` int(10) NOT NULL AUTO_INCREMENT, AUTO_INCREMENT=3;

--
-- AUTO_INCREMENT for table `tb_jabatan`
--
ALTER TABLE `tb_jabatan`
  MODIFY `jabatan_id` int(11) NOT NULL AUTO_INCREMENT, AUTO_INCREMENT=4;

--
-- AUTO_INCREMENT for table `tb_kontak_kategori`
--
ALTER TABLE `tb_kontak_kategori`
  MODIFY `kontak_kategori_id` int(11) NOT NULL AUTO_INCREMENT, AUTO_INCREMENT=2;

--
-- AUTO_INCREMENT for table `tb_kontak_tipe`
--
ALTER TABLE `tb_kontak_tipe`
  MODIFY `kontak_tipe_id` int(11) NOT NULL AUTO_INCREMENT, AUTO_INCREMENT=7;

--
-- AUTO_INCREMENT for table `tb_modul`
--
ALTER TABLE `tb_modul`
  MODIFY `modul_id` int(11) NOT NULL AUTO_INCREMENT, AUTO_INCREMENT=102;

--
-- AUTO_INCREMENT for table `tb_spk_konfirmasi`
--
ALTER TABLE `tb_spk_konfirmasi`
  MODIFY `spk_konfirmasi_id` int(11) NOT NULL AUTO_INCREMENT;

--
-- AUTO_INCREMENT for table `tb_team`
--
ALTER TABLE `tb_team`
  MODIFY `team_id` int(11) NOT NULL AUTO_INCREMENT, AUTO_INCREMENT=2;

--
-- AUTO_INCREMENT for table `tb_type`
--
ALTER TABLE `tb_type`
  MODIFY `type_id` int(10) NOT NULL AUTO_INCREMENT, AUTO_INCREMENT=10;

--
-- AUTO_INCREMENT for table `tb_variant`
--
ALTER TABLE `tb_variant`
  MODIFY `variant_id` int(11) NOT NULL AUTO_INCREMENT, AUTO_INCREMENT=63;

--
-- AUTO_INCREMENT for table `tb_warna`
--
ALTER TABLE `tb_warna`
  MODIFY `warna_id` int(10) NOT NULL AUTO_INCREMENT, AUTO_INCREMENT=18;

--
-- AUTO_INCREMENT for table `users`
--
ALTER TABLE `users`
  MODIFY `id` int(11) NOT NULL AUTO_INCREMENT, AUTO_INCREMENT=10;
COMMIT;

/*!40101 SET CHARACTER_SET_CLIENT=@OLD_CHARACTER_SET_CLIENT */;
/*!40101 SET CHARACTER_SET_RESULTS=@OLD_CHARACTER_SET_RESULTS */;
/*!40101 SET COLLATION_CONNECTION=@OLD_COLLATION_CONNECTION */;
